hakeem_article_number,production_title,number_parsed_from_title,production_article_id,seed_number_parsed_from_title,present_in_seed,bm25_code,normalized_text_sha256_16,text_excerpt,issue,severity,recommended_action
1,المادة الأولى,1,cmpwic04s0209nxffi0xm2lt1,1,نعم,a1261,d91b4610a2c06d45,تُطبق نصوص هذا النظام على جميع المسائل التي تناولتها في لفظها أو في فحواها، فإن لم يوجد نص يمكن تطبيقه طُبقت القواعد الك,مطابق,—,لا إجراء
2,المادة الثانية,2,cmpwic0gm020bnxffhqsmyo67,2,نعم,a1262,740a5c1399e87cd2,تحسب المدد والمواعيد الواردة في هذا النظام بالتقويم الهجري. الفصل الثاني: الأشخاص الفرع الأول: الشخص ذو الصفة الطبيعية,مطابق,—,لا إجراء
3,المادة الثالثة,3,cmpwic0si020dnxffsa4id80w,3,نعم,a1263,46673e0ff1d7b38f,تبدأ شخصية الإنسان بتمام ولادته حيًّا وتنتهي بموته. حقوق الحمل المستكن تحددها النصوص النظامية.,مطابق,—,لا إجراء
4,المادة الرابعة,4,cmpwic14c020fnxffaxtls50m,4,نعم,a1264,62a43ac15f46c6b1,تسري على المفقود والغائب ومجهول النسب النصوص النظامية الخاصة بهم.,مطابق,—,لا إجراء
5,المادة الخامسة,5,cmpwic1g7020hnxffubcz426r,5,نعم,a1265,574b40ea7ffaca86,تسري على أسماء الأشخاص وألقابهم وأسرهم وقراباتهم وجنسياتهم النصوص النظامية الخاصة بها.,مطابق,—,لا إجراء
6,المادة السادسة,6,cmpwic1s1020jnxffx8hnz1ly,6,نعم,a1266,366a98edd9cf8de0,القرابة المباشرة هي الصلة بين الأصول والفروع. القرابة غير المباشرة هي الرابطة بين أشخاصٍ يجمعهم أصلٌ مشتركٌ دون أن يكون ,مطابق,—,لا إجراء
7,المادة السابعة,7,cmpwic23v020lnxffa2kcofsu,7,نعم,a1267,e0485fb1ababfdfd,تتحدد درجة القرابة المباشرة باعتبار كل فرعٍ درجةً عند الصعود للأصل دون حساب الأصل، وتتحدد درجة القرابة غير المباشرة بعدد,مطابق,—,لا إجراء
8,المادة الثامنة,8,cmpwic2fp020nnxfffjkyao93,8,نعم,a1268,8f26319cd476f660,الموطن هو المكان الذي يقيم فيه الشخص عادةً. ويجوز أن يكون للشخص في وقتٍ واحدٍ أكثرُ من موطن، وإذا لم يكن له مكانٌ يقيم ف,مطابق,—,لا إجراء
9,المادة التاسعة,9,cmpwic2rj020pnxff8heefjas,9,نعم,a1269,5fb2a73d12454b54,يعدُّ المكان الذي يباشر فيه الشخص تجارةً أو مهنةً موطنًا له فيما يتعلق بإدارة أعمال هذه التجارة أو المهنة.,مطابق,—,لا إجراء
10,المادة العاشرة,10,cmpwic33m020rnxffmdygfmjx,10,نعم,a1270,99e995c416331695,موطن عديم الأهلية أو ناقصها أو المفقود أو الغائب هو موطن من ينوب عنه نظامًا، ويجوز أن يكون لناقص الأهلية موطنٌ خاصٌّ فيم,مطابق,—,لا إجراء
11,المادة الحادية عشرة,11,cmpwic3fi020tnxffh53jmvjv,11,نعم,a1271,104fdbd19861d7d1,يجوز اتخاذ موطنٍ مختارٍ لعملٍ معيَّن، ويكون هو الموطن لكل ما يتعلق بهذا العمل؛ ما لم يُشترط صراحةً قصر هذا الموطن على أع,مطابق,—,لا إجراء
12,المادة الثانية عشرة,12,cmpwic3rc020vnxffo1miawuw,12,نعم,a1272,83f0ba8d6e8c60db,كامل الأهلية هو كلُّ شخصٍ بلغ سن الرشد متمتعًا بقواه العقلية ولم يُحجر عليه. سن الرشد هي تمام (ثماني عشرة) سنة هجرية.,مطابق,—,لا إجراء
13,المادة الثالثة عشرة,13,cmpwic436020xnxffrmi6pp26,13,نعم,a1273,371d99d1a4fbac38,عديم الأهلية هو كل شخص فاقدٍ للتمييز لصغرٍ في السن أو لجنون. لا يعدُّ مميزًا من لم يتم (السابعة) من عمره.,مطابق,—,لا إجراء
14,المادة الرابعة عشرة,14,cmpwic4f0020znxffjnym9uin,14,نعم,a1274,0d5625f6bb40afda,ناقصو الأهلية هم: ‌أ- الصغير الذي بلغ سن التمييز ولم يبلغ سن الرشد. ‌ب- المعتوه، وهو ناقص العقل الذي لم يبلغ حد الجنون. ,مطابق,—,لا إجراء
15,المادة الخامسة عشرة,15,cmpwic4qu0211nxff6ifed4cp,15,نعم,a1275,e0a2357c8c73565d,يخضع عديمو الأهلية وناقصوها لأحكام الولاية أو الوصاية بحسب الأحوال، وفقًا لما تقرره النصوص النظامية.,مطابق,—,لا إجراء
16,المادة السادسة عشرة,16,cmpwic52o0213nxffpqet38o4,16,نعم,a1276,fe0c19e85a574ed4,ليس لأحدٍ النزول عن أهليته أو التعديل في أحكامها. الفرع الثاني: الشخص ذو الصفة الاعتبارية,مطابق,—,لا إجراء
17,المادة السابعة عشرة,17,cmpwic5ei0215nxffzyap70go,17,نعم,a1277,b8a2cb72ee09fc01,الأشخاص ذوو الصفة الاعتبارية هم: أ- الدولة. ب- الهيئات والمؤسسات العامة والمصالح التي تمنح شخصية اعتبارية بموجب النصوص ا,مطابق,—,لا إجراء
18,المادة الثامنة عشرة,18,cmpwic5qf0217nxffm33sy81h,18,نعم,a1278,aed0c3b8521253c1,يتمتع الشخص ذو الصفة الاعتبارية بجميع الحقوق إلا ما كان منها ملازمًا لخصائص الشخص ذي الصفة الطبيعية، وذلك في الحدود المق,مطابق,—,لا إجراء
19,المادة التاسعة عشرة,19,cmpwic6290219nxffqaarn4xs,19,نعم,a1279,7691523587317ca4,كل شيء مادي أو غير مادي يصح أن يكون محلًّا للحقوق المالية، عدا الأشياء التي لا تقبل بطبيعتها أن يستأثر أحد بحيازتها، أو ,مطابق,—,لا إجراء
20,المادة العشرون,20,cmpwic6e3021bnxff6qvp38na,20,نعم,a1280,08be653e1e1e2079,المال كلُّ ما له قيمةٌ مادية معتبرة في التعامل من عينٍ أو منفعةٍ أو حقٍّ.,مطابق,—,لا إجراء
21,المادة الحادية والعشرون,21,cmpwic6px021dnxffrmbxytdm,21,نعم,a1281,f47ecf3457c12ded,الأشياء المثلية هي ما تتماثل آحادها أو تتقارب بحيث يمكن أن يقوم بعضها مقام بعض عند الوفاء بلا فرقٍ يُعتد به عرفًا. الأشي,مطابق,—,لا إجراء
22,المادة الثانية والعشرون,22,cmpwic71r021fnxfff9tnra8z,22,نعم,a1282,f03330aca764bfa6,العقار كلُّ شيءٍ ثابتٍ في حيزه لا يمكن نقله منه دون تلفٍ أو تغيُّرٍ في هيئته، وما عدا ذلك فهو منقول. يعدُّ عقارًا بالتخص,مطابق,—,لا إجراء
23,المادة الثالثة والعشرون,23,cmpwic7dm021hnxffo6dtg4h7,23,نعم,a1283,506bbab5bf798e7c,الأشياء القابلة للاستهلاك هي التي ينحصر استعمالها -بحسب ما أُعدّت له- في استهلاكها أو إنفاقها، ويعد قابلًا للاستهلاك كل ,مطابق,—,لا إجراء
24,المادة الرابعة والعشرون تسري على المال العام النصوص النظامية الخاصة به,,cmpwic7pg021jnxffq7t7ipdr,,نعم,a1284,f922a5f66655b1ca,الفصل الرابع: أنواع الحق,عنوان غير قابل للتحليل,متوسطة,فصل النص عن العنوان
25,المادة الخامسة والعشرون,25,cmpwic877021lnxffq9gf365u,25,نعم,a1285,0c790a3924e48071,يكون الحقُّ الماليُّ شخصيًّا أو عينيًّا.,مطابق,—,لا إجراء
26,المادة السادسة والعشرون,26,cmpwic8j0021nnxff490qf51o,26,نعم,a1286,413dc4e1ea5d01e8,يكون الحقُّ العينيُّ أصليًّا أو تبعيًّا. الحقوق العينية الأصلية هي حق الملكية، وحق الانتفاع، وحق الاستعمال، وحق السكنى، ,مطابق,—,لا إجراء
27,المادة السابعة والعشرون,27,cmpwic8uv021pnxff44i0qrvy,27,نعم,a1287,917676cb93bad69d,تسري على الحقوق التي ترد على شيءٍ غير مادي النصوص النظامية الخاصة بها. الفصل الخامس: استعمال الحق,مطابق,—,لا إجراء
28,المادة الثامنة والعشرون,28,cmpwic96o021rnxff7k4fermp,28,نعم,a1288,830da75209fe460d,من استعمل حقه استعمالًا مشروعًا لا يكون مسؤولًا عما ينشأ عن ذلك من ضرر.,مطابق,—,لا إجراء
29,المادة التاسعة والعشرون,29,cmpwic9ij021tnxffkyzxx34m,29,نعم,a1289,2a3eedaf0e83045a,لا يجوز التعسف في استعمال الحق. يكون استعمال الحق تعسفيًّا في الحالات الآتية: أ- إذا لم يقصد بالاستعمال سوى الإضرار بالغ,مطابق,—,لا إجراء
30,المادة الثلاثون,30,cmpwic9ue021vnxffwams02gf,30,نعم,a1290,a29e4787ad371658,تطبق الأحكام الواردة في هذا الفصل على العقود المسماة وغير المسماة، وذلك دون إخلال بالأحكام الواردة في النصوص النظامية ال,مطابق,—,لا إجراء
31,المادة الحادية والثلاثون,31,cmpwica69021xnxff9rohiqk5,31,نعم,a1291,c85bf6bfb8b855c2,ينشأ العقد بارتباط الإيجاب بالقبول لإحداث أثر نظامي، مع مراعاة ما تقرره النصوص النظامية من أوضاعٍ معيّنةٍ لانعقاد العقد.,مطابق,—,لا إجراء
32,المادة الثانية والثلاثون,32,cmpwicai3021znxffpg43irew,32,نعم,a1292,a45da0a6bc8220c9,يتحقق الرضى إذا توافقت إرادتا متعاقدين (أو أكثر) لديهما أهلية التعاقد وعُبِّر عن الإرادة بما يدل عليها. 1- التعبير عن ال,مطابق,—,لا إجراء
33,المادة الثالثة والثلاثون,33,cmpwicatx0221nxffw3ebyasz,33,نعم,a1293,cabbdcab1bfa1d15,يكون الإيجاب والقبول بكل ما يدل على الإرادة. يجوز أن يكون التعبير عن الإرادة باللفظ أو بالكتابة أو بالإشارة المفهومة أو ,مطابق,—,لا إجراء
34,المادة الرابعة والثلاثون,34,cmpwicb5r0223nxffpxkelkre,34,نعم,a1294,a0ef0bf7064b7b1e,يعد عرض البضائع والخدمات مع بيان ثمنها إيجابًا، إلا إذا قامت دلائل تفيد خلاف ذلك. لا يعدُّ الإعلان مع بيان الأسعار المتع,مطابق,—,لا إجراء
35,المادة الخامسة والثلاثون,35,cmpwicbhm0225nxff5bdorni3,35,نعم,a1295,1676815ee65ec432,للموجب أن يعدل عن الإيجاب قبل صدور القبول؛ ما لم تكن للإيجاب مدةٌ معينة. إذا لم تكن للإيجاب مدة معينة؛ فعلى الموجب إذا ع,مطابق,—,لا إجراء
36,المادة السادسة والثلاثون,36,cmpwicbtg0227nxffxg9srjlx,36,نعم,a1296,afb98265bf40f8f5,يسقط الإيجاب في الحالات الآتية: أ- إذا عدل عنه الموجب وفق أحكام المادة (الخامسة والثلاثين) من هذا النظام. ب- إذا رفضه من,مطابق,—,لا إجراء
37,المادة السابعة والثلاثون,37,cmpwicc5b0229nxffewqk1l0b,37,نعم,a1297,9008d2e7350d2469,لا يعد سكوت من وجه إليه الإيجاب قبولًا إلا إذا كان هناك اتفاقٌ أو وجدت قرينة تدل على ذلك. يعد السكوت قبولًا إذا كان هناك,مطابق,—,لا إجراء
38,المادة الثامنة والثلاثون,38,cmpwicch4022bnxffxsgx5r9b,38,نعم,a1298,0a560fb4c4f2708c,إذا كان المتعاقدان حاضرين في مكانٍ واحدٍ أو في مكانين مختلفين عبر وسائل الاتصال المباشرة؛ عُدَّ العقد قد تمَّ في الزمان ,مطابق,—,لا إجراء
39,المادة التاسعة والثلاثون,39,cmpwiccsz022dnxffyl8zxymq,39,نعم,a1299,6cf81c7167ecc264,دون إخلال بالنصوص النظامية؛ لا يتم العقد في المزايدات إلا برسو المزايدة، ويسقط العطاء بعطاء يزيد عليه ولو وقع باطلًا، أو,مطابق,—,لا إجراء
40,المادة الأربعون,40,cmpwicd4t022fnxffo0z04rbp,40,نعم,a1300,fd49d3a9030ef2e4,القبول في عقود الإذعان يقتصر على مجرد التسليم بشروط مقررة يضعها الموجب ولا يقبل مناقشة فيها.,مطابق,—,لا إجراء
41,المادة الحادية والأربعون,41,cmpwicdgn022hnxff8upkfxt2,41,نعم,a1301,6f71d403569fc422,ذا تمَّ التفاوض على عقد فلا يرتب ذلك على أطراف التفاوض التزامًا بإبرام هذا العقد، ومع ذلك يكون من يتفاوض أو يُنهي التفاو,مطابق,—,لا إجراء
42,المادة الثانية والأربعون,42,cmpwicdsh022jnxfftrw7xycy,42,نعم,a1302,fa60434003bbebcc,إذا اتفق المتعاقدان على المسائل الجوهرية في العقد وعلى إرجاء الاتفاق على المسائل غير الجوهرية؛ كان ذلك كافيًا لاعتبار ال,مطابق,—,لا إجراء
43,المادة الثالثة والأربعون,43,cmpwice4b022lnxff8enjfonj,43,نعم,a1303,86a081408d73cf4b,لا يكون الوعد الذي يتعهد بمقتضاه أحد الطرفين أو كلاهما بإبرام عقدٍ في المستقبل ملزمًا إلا إذا عُيّنت المسائل الجوهرية في,مطابق,—,لا إجراء
44,المادة الرابعة والأربعون,44,cmpwiceg7022nnxffgemo4vt9,44,نعم,a1304,a6b73c5d19c7ec91,دفع العربون عند إبرام العقد يفيد أن لدافع العربون وحده الحق في العدول عن العقد، وليس له إذا عدل أن يسترد مبلغ العربون، و,مطابق,—,لا إجراء
45,المادة الخامسة والأربعون,45,cmpwices1022pnxffomo0dhz5,45,نعم,a1305,646652d6a8edd1bf,الاتفاق الإطاري عقدٌ يُحدد المتعاقدان بمقتضاه البنود الأساسية التي تخضع لها العقود التي ينشئها المتعاقدان بينهما وفقًا ل,مطابق,—,لا إجراء
46,المادة السادسة والأربعون,46,cmpwicf3y022rnxffgrkqltsq,46,نعم,a1306,647fbbf7a7e4e2b1,إذا أحال المتعاقدان صراحةً أو ضمنًا في العقد إلى أحكام وثيقةٍ نموذجيَّةٍ أو قواعد محددة أو أي وثيقة أخرى عُدَّت جزءًا من,مطابق,—,لا إجراء
47,المادة السابعة والأربعون,47,cmpwicffs022tnxff7y9rcwvy,47,نعم,a1307,f115e020cd8ac561,كل شخصٍ أهلٌ للتصرف؛ ما لم يكن عديم الأهلية أو ناقصها بمقتضى نص نظامي.,مطابق,—,لا إجراء
48,المادة الثامنة والأربعون,48,cmpwicfro022vnxff0e7ihvhk,48,نعم,a1308,4685a6ecaedcb8eb,الصغير ولو كان مميزًا والمجنون والمعتوه محجورٌ عليهم بحكم النِّظام. يكون الحجر على السفيه وذي الغفلة ورفعه عنهما بحكم ال,مطابق,—,لا إجراء
49,المادة التاسعة والأربعون,49,cmpwicg3h022xnxffkwphbtt0,49,نعم,a1309,18f44a2d06285c18,تصرفات الصغير غير المميز باطلة.,مطابق,—,لا إجراء
50,المادة الخمسون,50,cmpwicgfc022znxfffmzw7tkq,50,نعم,a1310,2b195a4c86b588f5,إذا كانت تصرفات الصغير المميز نافعةً نفعًا محضًا فهي صحيحة، وإذا كانت ضارةً ضررًا محضًا فهي باطلة. إذا كانت تصرفات الصغي,مطابق,—,لا إجراء
51,المادة الحادية والخمسون,51,cmpwicgr60231nxfftps185jj,51,نعم,a1311,8eb403c4917ed002,إذا أتمَّ الصغير (الخامسة عشرة) من عمره فلوليه أو وصيه -دون إخلال بما تقضي به المادتان (الرابعة والخمسون) و(الخامسة والخ,مطابق,—,لا إجراء
52,المادة الثانية والخمسون,52,cmpwich300233nxffeowrfqrg,52,نعم,a1312,a1ef5dae22428038,تصرفات المعتوه في حكم تصرفات الصغير المميز. تصرفات المجنون في حكم تصرفات الصغير غير المميز.,مطابق,—,لا إجراء
53,المادة الثالثة والخمسون,53,cmpwicheu0235nxffenra7bu5,53,نعم,a1313,6e8d988d7f125b34,تصرفات السفيه وذي الغفلة بعد الحجر عليهما في حكم تصرفات الصغير المميز، أما تصرفاتهما قبل الحجر فصحيحةٌ إلا إذا كانت نتيج,مطابق,—,لا إجراء
54,المادة الرابعة والخمسون,54,cmpwichqo0237nxff52cww3zo,54,نعم,a1314,9d5c3267fb0ad492,تسري على المسائل المتعلقة بالولاية والوصاية النصوص النظامية الخاصة بها.,مطابق,—,لا إجراء
55,المادة الخامسة والخمسون,55,cmpwici2j0239nxffnzhtte4r,55,نعم,a1315,96cc4c0987735ebe,تعدُّ التصرفات الصادرة عن الأولياء والأوصياء صحيحةً في الحدود التي تقررها النصوص النظامية.,مطابق,—,لا إجراء
56,المادة السادسة والخمسون,56,cmpwiciee023bnxffuavulhfb,56,نعم,a1316,11d91c56a8c182f3,إذا لجأ ناقص الأهلية إلى طرقٍ احتياليَّةٍ لإخفاء نقص أهليته لزمه التعويض عن الضرر الذي أصاب المتعاقد معه بسبب إبطال العق,مطابق,—,لا إجراء
57,المادة السابعة والخمسون,57,cmpwiciq8023dnxffqr245wxo,57,نعم,a1317,2e70ff145a03f78b,للمتعاقد طلب إبطال العقد إذا وقع في غلط جوهري لولاه لم يرض بالعقد، وبخاصة إذا كان الغلط الجوهري في صفة المحل أو شخص المت,مطابق,—,لا إجراء
58,المادة الثامنة والخمسون,58,cmpwicj22023fnxffy4h5w3u8,58,نعم,a1318,0263759619dd7aa1,لا يُعتد بغلط المتعاقد إلا إذا كان المتعاقد الآخر قد وقع معه في الغلط نفسه أو علم بوقوعه فيه أو كان من السهل عليه أن يتب,مطابق,—,لا إجراء
59,المادة التاسعة والخمسون,59,cmpwicjdw023hnxff6ianjp1o,59,نعم,a1319,0dffc85fb8b28bb5,لا يؤثر في العقد مجرد الغلط المادي في الحساب أو الكتابة.,مطابق,—,لا إجراء
60,المادة الستون,60,cmpwicjvm023jnxffrmlykcjo,60,نعم,a1320,4405e4fb1df17e64,ليس لمن وقع في غلطٍ أن يتمسك به على وجه يتعارض مع ما يقضي به حسن النية، ويكون ملزمًا بالعقد الذي قصد إبرامه إذا أظهر الم,مطابق,—,لا إجراء
61,المادة الحادية والستون,61,cmpwick7h023lnxffqazjq2ny,61,نعم,a1321,90b40d9f7485848a,التغرير أن يخدع أحد المتعاقدين الآخر بطرق احتياليَّةٍ تحمله على إبرام عقد لم يكن ليبرمه لولاها. يعد تغريرًا تعمد السكوت ,مطابق,—,لا إجراء
62,المادة الثانية والستون,62,cmpwickjc023nnxffc69oldoj,62,نعم,a1322,5cceaa60e8d912fe,للمغرر به طلب إبطال العقد إذا كان التغرير في أمر جوهري لولاه لم يرض بالعقد.,مطابق,—,لا إجراء
63,المادة الثالثة والستون,63,cmpwickve023pnxff5priqj9e,63,نعم,a1323,3ca1d9dbd0d2b12e,إذا صدر التغرير من غير المتعاقدين فليس للمغرر به أن يطلب إبطال العقد؛ ما لم يثبت أن المتعاقد الآخر كان يعلم بالتغرير أو ,مطابق,—,لا إجراء
64,المادة الرابعة والستون,64,cmpwicl78023rnxff60oqh69u,64,نعم,a1324,5825f9390435a5d6,الإكراه تهديد شخصٍ دون حقٍّ بوسيلةٍ ماديَّةٍ أو معنويَّةٍ تُخيفه فتحمله على التصرف.,مطابق,—,لا إجراء
65,المادة الخامسة والستون,65,cmpwiclj4023tnxffcyf277hj,65,نعم,a1325,cee5f0212dbc5c06,يتحقق الإكراه إذا كان التهديد بخطرٍ جسيمٍ محدقٍ يلحق بنفس المكرَه أو عرضه أو ماله، أو كان التهديد مسلَّطًا على غيره ولم ,مطابق,—,لا إجراء
66,المادة السادسة والستون,66,cmpwiclv0023vnxfffpptpgfo,66,نعم,a1326,b0340cf938cbc22f,يُراعى في تقدير الإكراه سن من وقع عليه الإكراه وحالته الاجتماعية والصحية وكل ظرف آخر من شأنه أن يؤثر في جسامة الإكراه.,مطابق,—,لا إجراء
67,المادة السابعة والستون,67,cmpwicm70023xnxffbp78xim4,67,نعم,a1327,9afbf3d5d274bab5,للمُكرَه طلب إبطال العقد إذا صدر الإكراه من المتعاقد الآخر. إذا صدر الإكراه من غير المتعاقدين فليس للمُكرَه طلب إبطال ال,مطابق,—,لا إجراء
68,المادة الثامنة والستون,68,cmpwicmiu023znxffkt8lgaf8,68,نعم,a1328,512b1802eb201895,إذا استغل أحد المتعاقدين ضعفًا ظاهرًا أو حاجة ملحة في المتعاقد الآخر، لإبرام عقدٍ لحقه منه غبنٌ، فللمحكمة بناء على طلب ا,مطابق,—,لا إجراء
69,المادة التاسعة والستون,69,cmpwicmuo0241nxffor8hhs2d,69,نعم,a1329,13ddec52c58337a7,الغبن زيادة العوض أو نقصه قدرًا خارجًا عن المعتاد. ويُرجع في تحديد الغبن إلى العرف. ليس للمتعاقد طلب إبطال العقد لمجرد ا,مطابق,—,لا إجراء
70,المادة السبعون,70,cmpwicn6i0243nxff0j4s9w4r,70,نعم,a1330,451fed82e2cc0cf1,يصحُّ أن يكون محلُّ الالتزام نقل حق عيني أو عملًا أو امتناعًا عن عمل.,مطابق,—,لا إجراء
71,المادة الحادية والسبعون,71,cmpwicnid0245nxffdc1gd8ld,71,نعم,a1331,68438e2df6204046,يصح أن يكون محل الالتزام شيئًا مستقبلًا معيَّنًا بنوعه ومقداره، وفيما عدا الأحوال التي تجيزها النصوص النظامية لا يصح أن ,مطابق,—,لا إجراء
72,المادة الثانية والسبعون,72,cmpwicnu70247nxff24dqjfth,72,نعم,a1332,5efda08ee6cba980,يجب أن تتوفر في محل الالتزام الشروط الآتية: أ- أن يكون ممكنًا في ذاته. ب- ألا يكون مخالفًا للنظام العام. ج- أن يكون معيّ,مطابق,—,لا إجراء
73,المادة الثالثة والسبعون,73,cmpwico610249nxffxy1f73cq,73,نعم,a1333,8ad0dd359235dbc8,إذا لم يحدِّد المتعاقدان مقدار المحل وتضمن العقد ما يمكن للمحكمة تحديده به؛ حددته بناءً على ذلك. إذا لم يتفق المتعاقدان ,مطابق,—,لا إجراء
74,المادة الرابعة والسبعون,74,cmpwicohw024bnxfft65rpzik,74,نعم,a1334,2a4d1ede7896a4d0,يجوز أن يتضمن العقد أي شرطٍ يرتضيه المتعاقدان إذا توفرت فيه الشروط الواردة في الفقرة (1) من المادة (الثانية والسبعين) من,مطابق,—,لا إجراء
75,المادة الخامسة والسبعون,75,cmpwicotq024dnxffqm3z259f,75,نعم,a1335,94a747f5cced678a,يقع باطلًا أي عقد يكون السبب الباعث على التعاقد فيه غير مشروع إذا صُرِّح به في العقد أو دلت عليه ظروف التعاقد.,مطابق,—,لا إجراء
76,المادة السادسة والسبعون,76,cmpwicp5k024fnxffto0876o2,76,نعم,a1336,eb2b9c31d20ecf32,كل عقد لم يُذكر سببه يُفترض أن له سببًا مشروعًا؛ ما لم يقم الدليل على خلاف ذلك. الفرع الثاني: إبطال العقد وبطلانه أولًا:,مطابق,—,لا إجراء
77,المادة السابعة والسبعون,77,cmpwicphf024hnxffyuruu0ls,77,نعم,a1337,4c0b589395589c5e,إذا جعل نص نظامي لأحد المتعاقدين الحق في طلب إبطال العقد؛ فليس للمتعاقد الآخر أن يتمسك بهذا الحق.,مطابق,—,لا إجراء
78,المادة الثامنة والسبعون,78,cmpwicpt9024jnxff76nfxj7c,78,نعم,a1338,1784cf32090ffbbe,يسقط الحق في طلب إبطال العقد بالإجازة الصريحة أو الضمنية إذا صدرت ممن له هذا الحق، وإذا أجاز العقد استندت الإجازة إلى وق,مطابق,—,لا إجراء
79,المادة التاسعة والسبعون,79,cmpwicq54024lnxff32r5wovu,79,نعم,a1339,fb1255c6507c9a18,لا تسمع دعوى إبطال العقد إذا انقضت (سنة) من تاريخ العلم بسبب الإبطال، وإذا كان إبطال العقد لنقص الأهلية أو الإكراه فبانق,مطابق,—,لا إجراء
80,المادة الثمانون,80,cmpwicqgx024nnxff794mmvlm,80,نعم,a1340,5cea6a33ef8d6aef,يجوز لكل ذي مصلحةٍ أن يُعذِر من له حق إبطال العقد بإبداء رغبته في إجازة العقد أو إبطاله خلال مدة لا تقل عن (تسعين) يومًا,مطابق,—,لا إجراء
81,المادة الحادية والثمانون,81,cmpwicqss024pnxff6ijcppk5,81,نعم,a1341,be3475749446da1e,إذا وقع العقد باطلًا جاز لكل ذي مصلحة أن يتمسك بالبطلان، وللمحكمة أن تقضي به من تلقاء نفسها، ولا يزول البطلان بالإجازة. ,مطابق,—,لا إجراء
82,المادة الثانية والثمانون,82,cmpwicr4o024rnxff7eumq0ga,82,نعم,a1342,9638760d08ff0ff6,في حالتي إبطال العقد أو بطلانه، يعود المتعاقدان إلى الحالة التي كانا عليها قبل التعاقد، وإذا استحال ذلك جاز أن يُقضى بال,مطابق,—,لا إجراء
83,المادة الثالثة والثمانون,83,cmpwicrgj024tnxff5kp5fonc,83,نعم,a1343,2f8a7569b12bfd98,في حالتي إبطال العقد أو بطلانه لنقص أهلية المتعاقد أو انعدامها، لا يلزمه أن يرد غير ما عاد عليه من منفعة معتبرة بسبب تنف,مطابق,—,لا إجراء
84,المادة الرابعة والثمانون,84,cmpwicrsd024vnxffh176nvso,84,نعم,a1344,836d78b70c603ac9,إذا كان العقد في جزء منه باطلًا أو يجوز إبطاله؛ يبطل ذلك الجزء فقط، إلا إذا تبين أن المتعاقد ما كان ليرضى بالعقد دون ذلك,مطابق,—,لا إجراء
85,المادة الخامسة والثمانون,85,cmpwics47024xnxff247ko8gz,85,نعم,a1345,c12e1eec96d60b6c,إذا توفرت في العقد الباطل أركان عقد آخر؛ انعقد هذا العقد إذا تبين أن إرادة المتعاقدين كانت تنصرف إليه.,مطابق,—,لا إجراء
86,المادة السادسة والثمانون,86,cmpwicsg7024znxffju4zy9j8,86,نعم,a1346,92e9a10360aa2adc,لا يحتج بإبطال العقد تجاه الخلف الخاص للمتعاقد إذا كسب حقًّا عينيًّا معاوضة بحسن نية. يعد الخلفُ الخاصُّ حسنَ النية إذا ,مطابق,—,لا إجراء
87,المادة السابعة والثمانون,87,cmpwicss30251nxff9qb683io,87,نعم,a1347,280dad64724332a8,يصح التعاقد بالنيابة؛ ما لم تقتض النصوص النظامية خلاف ذلك. تكون النيابة في التعاقد اتفاقيةً أو قضائيةً أو نظاميةً.,مطابق,—,لا إجراء
88,المادة الثامنة والثمانون,88,cmpwict420253nxff29zxx55i,88,نعم,a1348,a467d9bf554c9324,ليس للنائب أن يتجاوز حدود نيابته المعيَّنة في سند إنشائها، سواء أكان السند عقدًا أم حكمًا قضائيًّا أم نصًّا نظاميًّا.,مطابق,—,لا إجراء
89,المادة التاسعة والثمانون,89,cmpwictfw0255nxffkk6y8mfp,89,نعم,a1349,0cb7ca8bd9860b9e,في التعاقد بالنيابة يكون شخص النائب هو المعتبر في عيوب الرضى، وفي أثر العلم بالأمور التي يختلف فيها حكم العقد بين علم ال,مطابق,—,لا إجراء
90,المادة التسعون,90,cmpwictrp0257nxffhxqe3eha,90,نعم,a1350,f200d846446dd113,إذا تعاقد النائب في حدود نيابته باسم الأصيل فإن ما ينشأ عن العقد من حقوقٍ والتزاماتٍ يُضاف إلى الأصيل.,مطابق,—,لا إجراء
91,المادة الحادية والتسعون,91,cmpwicu3k0259nxffqjq565q5,91,نعم,a1351,095e90de237d2d32,إذا لم يُعلِم النائبُ المتعاقدَ الآخرَ وقت إنشاء العقد أنَّه تعاقد بصفته نائبًا؛ فإنَّ أثر العقد لا يُضاف إلى الأصيل دائ,مطابق,—,لا إجراء
92,المادة الثانية والتسعون,92,cmpwicufe025bnxffr0btnr3o,92,نعم,a1352,b1d1782782e792d0,إذا كان النائب والمتعاقد معه يجهلان معًا عند التعاقد انتهاء النيابة؛ فإن العقد يُضاف إلى الأصيل.,مطابق,—,لا إجراء
93,المادة الثالثة والتسعون,93,cmpwicur9025dnxff59gy9xqk,93,نعم,a1353,a82cf2ffa798c15b,لا يجوز للنائب أن يتعاقد مع نفسه بمقتضى نيابته دون أن يكون مأذونًا له بذلك سواء أكان تعاقده مع نفسه لحسابه أم لحساب الغي,مطابق,—,لا إجراء
94,المادة الرابعة والتسعون,94,cmpwicv34025fnxffeyvibx8l,94,نعم,a1354,e9a5e7fdeb951796,إذا تم العقد صحيحًا لم يجز نقضه أو تعديله إلا بالاتفاق أو بمقتضى نص نظامي. تثبت الحقوق التي يُنشئها العقد فور انعقاده، د,مطابق,—,لا إجراء
95,المادة الخامسة والتسعون,95,cmpwicvez025hnxff380l63ht,95,نعم,a1355,9c3596b0231ccf17,يجب تنفيذ العقد طبقًا لما اشتمل عليه وبطريقة تتفق مع ما يوجبه حسن النية. لا يقتصر العقد على إلزام المتعاقد بما ورد فيه، ,مطابق,—,لا إجراء
96,المادة السادسة والتسعون,96,cmpwicvwp025jnxffzqd1fhbc,96,نعم,a1356,e69a976d1b023d13,إذا تمَّ العقد بطريق الإذعان وتضمن شروطًا تعسفيةً؛ فللمحكمة أن تعدلها أو تعفي الطرف المـُذْعِن منها وفقًا لما تقتضيه الع,مطابق,—,لا إجراء
97,المادة السابعة والتسعون,97,cmpwicw8j025lnxffrvl5j133,97,نعم,a1357,8d2723cb968669cd,إذا طرأت ظروف استثنائيةٌ عامَّةٌ لم يكن في الوسع توقعها وقت التعاقد وترتب على حدوثها أن يصير تنفيذ الالتزام التعاقدي مره,مطابق,—,لا إجراء
98,المادة الثامنة والتسعون,98,cmpwicwkc025nnxff3uwryxwj,98,نعم,a1358,abebeba86359662a,ينصرف أثر العقد إلى المتعاقدين والخلف العام، دون إخلال بالأحكام الخاصة بالإرث؛ ما لم يتبين من العقد أو من طبيعة المعاملة,مطابق,—,لا إجراء
99,المادة التاسعة والتسعون,99,cmpwicww7025pnxffjdrh2lvq,99,نعم,a1359,407398d71c1911db,لا يرتب العقد التزامًا في ذمة الغير، ولكن يجوز أن يكسبه حقًّا.,مطابق,—,لا إجراء
100,المادة المائة,100,cmpwicx80025rnxff73115jmr,100,نعم,a1360,d5de6a0c3685232e,إذا تعهد شخص بأن يجعل الغير يلتزم بأمرٍ فإن ذلك الغير لا يُلزم به. إذا قبل الغير ذلك التعهد فإن قبوله لا ينتج أثرًا إلا ,مطابق,—,لا إجراء
101,المادة الأولى بعد المائة,101,cmpwicxju025tnxffubppy7om,101,نعم,a1361,99e39f40b7293306,للشخص أن يتعاقد باسمه على التزامات يشترطها لمصلحة غيره إذا كان له في تنفيذ هذه الالتزامات مصلحة شخصية مادية كانت أم أدبي,مطابق,—,لا إجراء
102,المادة الثانية بعد المائة,102,cmpwicxvo025vnxffuaw91sfu,102,نعم,a1362,af0d90ab74cac5f7,للمشترط دون دائنيه أو ورثته أن ينقض الاشتراط، أو أن يُحل منتفعًا آخر محل الأول، أو أن يحول المنفعة لنفسه؛ ما لم يُعلم ال,مطابق,—,لا إجراء
103,المادة الثالثة بعد المائة,103,cmpwicy7i025xnxfflora4n30,103,نعم,a1363,bdd4ecae45b141e3,يجوز في الاشتراط لمصلحة الغير أن يكون المنتفع شخصًا مستقبلًا أو أن يكون شخصًا غير معين وقت العقد إذا كان من الممكن تعيين,مطابق,—,لا إجراء
104,المادة الرابعة بعد المائة,104,cmpwicyjd025znxff7bokmdrq,104,نعم,a1364,197ecdeb1b89a64c,إذا كانت عبارة العقد واضحةً فلا يُعدل عن مدلولها بحجة تفسيرها بحثًا عن إرادة المتعاقدين. إذا كان هناك محل لتفسير العقد ف,مطابق,—,لا إجراء
105,المادة الخامسة بعد المائة,105,cmpwicyv80261nxffkc5uuisz,105,نعم,a1365,23fa504e652e491a,للمتعاقدين أن يتقايلا العقد برضاهما في المحل أو بعضه، وتطبق على الإقالة شروط العقد. ثانيًا: خيار الشرط,مطابق,—,لا إجراء
106,المادة السادسة بعد المائة,106,cmpwicz720263nxffjsbdefbv,106,نعم,a1366,de116d90763ed23a,يجوز التعاقد بشرط الخيار في العدول عن العقد، ولمن له الخيار حق العدول خلال المدة المعينة بشرط إعلام المتعاقد الآخر، فإذا,مطابق,—,لا إجراء
107,المادة السابعة بعد المائة,107,cmpwid0l10265nxfftz52wto1,107,نعم,a1367,824b13fbd37d926d,في العقود الملزمة للجانبين، إذا لم يوف أحد المتعاقدين بالتزامه، فللمتعاقد الآخر بعد إعذاره المتعاقد المخل أن يطلب تنفيذ ,مطابق,—,لا إجراء
108,المادة الثامنة بعد المائة,108,cmpwid16e0267nxff4u2upvzr,108,نعم,a1368,c4d62b1419e282f7,يجوز الاتفاق على أن يكون للدائن حق فسخ العقد عند إخلال المدين بالتزاماته دون حاجة إلى حكم قضائي، ولا يُعفي هذا الاتفاق م,مطابق,—,لا إجراء
109,المادة التاسعة بعد المائة,109,cmpwid1h40269nxffcheyiiqf,109,نعم,a1369,ba8faca53d604d40,تُعدُّ عقود المعاوضات منعقدةً على أساس سلامة محل العقد من العيوب إلا ما جرى العرف على التسامح فيه، فإذا تبيَّن في المحل ,مطابق,—,لا إجراء
110,المادة العاشرة بعد المائة,110,cmpwid1rw026bnxffdyq6n6kk,110,نعم,a1370,c0eabfa745d8736f,في العقود الملزمة للجانبين، إذا أصبح تنفيذ الالتزام مستحيلًا بسببٍ لا يد للمدين فيه، انقضى التزامه والالتزام المقابل له،,مطابق,—,لا إجراء
111,المادة الحادية عشرة بعد المائة,111,cmpwid22m026dnxff8vwmol6s,111,نعم,a1371,32a6aef06172a1e0,في حالتي فسخ العقد أو انفساخه يعود المتعاقدان إلى الحالة التي كانا عليها قبل التعاقد، وإذا استحال ذلك فللمحكمة أن تقضي ب,مطابق,—,لا إجراء
112,المادة الثانية عشرة بعد المائة,112,cmpwid2dc026fnxffmg7l1yd7,112,نعم,a1372,16c6f4261c5c14da,لا يحتج بفسخ العقد تجاه الخلف الخاص للمتعاقد إذا كسب حقًّا عينيًّا بحسن نية.,مطابق,—,لا إجراء
113,المادة الثالثة عشرة بعد المائة,113,cmpwid2o3026hnxffj578pqpb,113,نعم,a1373,a50828a6cf8f0dec,دون إخلال بالنصوص النظامية، لا يزول بفسخ العقد شرط الالتزام بتسوية المنازعة ولا شرط الالتزام بالسرية؛ ما لم يتفق على خلا,مطابق,—,لا إجراء
114,المادة الرابعة عشرة بعد المائة,114,cmpwid2yt026jnxffpchekjw3,114,نعم,a1374,2977cdadeb0437e7,في العقود الملزمة للجانبين، إذا كانت الالتزامات المتقابلة مستحقة الوفاء جاز لأي من المتعاقدين أن يمتنع عن تنفيذ التزامه ,مطابق,—,لا إجراء
115,المادة الخامسة عشرة بعد المائة,115,cmpwid39k026lnxff8rdfn18s,115,نعم,a1375,d01135030bbda00e,يجوز أن يلتزم الشخص بإرادته المنفردة، وذلك في الأحوال التي تقررها النصوص النظامية.,مطابق,—,لا إجراء
116,المادة السادسة عشرة بعد المائة,116,cmpwid3ka026nnxffghyvue3p,116,نعم,a1376,8c259bee40f9a7c8,تسري على التصرف بالإرادة المنفردة أحكام العقد، عدا ما تعلق منها بضرورة وجود إرادتين متطابقتين لإنشاء الالتزام، وذلك ما ل,مطابق,—,لا إجراء
117,المادة السابعة عشرة بعد المائة,117,cmpwid3v0026pnxff717pkw1v,117,نعم,a1377,3c2c48fa4456705e,من وجه للجمهور وعدًا بجائزةٍ محددةٍ على عملٍ معيَّنٍ، التزم بإعطاء الجائزة لمن قام بهذا العمل وفقًا للشروط المعلنة، ولو ,مطابق,—,لا إجراء
118,المادة الثامنة عشرة بعد المائة,118,cmpwid45q026rnxff3ewxs6wg,118,نعم,a1378,d7f50fa6384ddcb6,مع مراعاة أحكام المسؤولية الواردة في نصوص نظامية خاصة؛ تسري أحكام هذا الفصل على المسؤولية الناشئة عن الفعل الضار من الشخ,مطابق,—,لا إجراء
119,المادة التاسعة عشرة بعد المائة,119,cmpwid4gg026tnxffhd9a3n52,119,نعم,a1379,9c933cddc3f2a210,لا تخل المسؤولية المدنية بالمسؤولية الجزائية، ولا تأثير للعقوبة في تحديد نطاق المسؤولية المدنية وتقدير التعويض. الفرع ال,مطابق,—,لا إجراء
120,المادة العشرون بعد المائة,120,cmpwid4r6026vnxff9lb1iezg,120,نعم,a1380,729ec5d5435555a7,كل خطأٍ سبب ضررًا للغير يُلزم من ارتكبه بالتعويض.,مطابق,—,لا إجراء
121,المادة الحادية والعشرون بعد المائة,121,cmpwid51y026xnxff7xarf620,121,نعم,a1381,24ba6a646f7bfd3d,إذا كان الفعل الضار من مباشر له؛ عُدَّ الضرر ناشئًا بسبب ذلك الفعل؛ ما لم يقم الدليل على خلاف ذلك.,مطابق,—,لا إجراء
122,المادة الثانية والعشرون بعد المائة,122,cmpwid5co026znxffw79wuzps,122,نعم,a1382,f6c7645d301d74d1,يكون الشخص مسؤولًا عن الفعل الضار متى صدر منه وهو مميز. إذا وقع الضرر من غير المميز ولم يكن هناك من هو مسؤول عن الضرر أو,مطابق,—,لا إجراء
123,المادة الثالثة والعشرون بعد المائة,123,cmpwid5nj0271nxffg1cjatsa,123,نعم,a1383,bb8390ba6d364e19,من أحدث ضررًا وهو في حالة دفاع مشروع عن نفس أو عرض أو مال؛ كان غير مسؤول، على ألا يجاوز دفاعه القدر الضروري لدفع الاعتدا,مطابق,—,لا إجراء
124,المادة الرابعة والعشرون بعد المائة,124,cmpwid5y90273nxffljcarc9l,124,نعم,a1384,327aacf81a5b8e41,من أحدث ضررًا للغير ليتفادى ضررًا أكبر محدقًا به أو بغيره؛ لا يكون ملزمًا بالتعويض إلا بالقدر الذي تراه المحكمة مناسبًا.,مطابق,—,لا إجراء
125,المادة الخامسة والعشرون بعد المائة,125,cmpwid68z0275nxffzt896rle,125,نعم,a1385,5861863b80684843,لا يكون الشخص مسؤولًا إذا ثبت أن الضرر قد نشأ عن سببٍ لا يد له فيه، كقوةٍ قاهرةٍ أو خطأ الغير أو خطأ المتضرر؛ ما لم يُتف,مطابق,—,لا إجراء
126,المادة السادسة والعشرون بعد المائة,126,cmpwid6jp0277nxffz7shspfe,126,نعم,a1386,e8f84cedd3b152e8,لا يكون الموظف العام مسؤولًا عن عمله الذي أضر بالغير، إذا أداه تنفيذًا لنص نظامي أو لأمر صدر إليه من رئيسه، متى كانت إطا,مطابق,—,لا إجراء
127,المادة السابعة والعشرون بعد المائة,127,cmpwid6uf0279nxffsebqizjp,127,نعم,a1387,086f85ed7440e5ef,إذا تعدد المسؤولون عن فعل ضار كانوا متضامنين في التزامهم بتعويض الضرر، وتعين المحكمة نصيب كل منهم في التعويض وفق القواعد,مطابق,—,لا إجراء
128,المادة الثامنة والعشرون بعد المائة,128,cmpwid756027bnxff113f6ltc,128,نعم,a1388,726253d55cd6b131,إذا اشترك المتضرر بخطئه في إحداث الضرر أو زاد فيه، سقط حقه أو بعض حقه في التعويض، وذلك بنسبة اشتراكه فيه. الفرع الثاني: ,مطابق,—,لا إجراء
129,المادة التاسعة والعشرون بعد المائة,129,cmpwid7g0027dnxffjfs8gch0,129,نعم,a1389,340fbd16c22edeba,من وجبت عليه نظامًا أو اتفاقًا أو قضاءً رقابة شخص لصغر سنِّه أو قصور حالته العقلية أو الجسمية؛ كان مسؤولًا عن الضرر الذي,مطابق,—,لا إجراء
130,المادة الثلاثون بعد المائة,130,cmpwid7qp027fnxff8kmlghka,130,نعم,a1390,94aceb342f126f2a,يكون حارس الحيوان مسؤولًا عن تعويض الضرر الذي يحدثه الحيوان؛ ما لم يثبت أن الضرر كان بسبب لا يد له فيه.,مطابق,—,لا إجراء
131,المادة الحادية والثلاثون بعد المائة,131,cmpwid81g027hnxffxrt6r24p,131,نعم,a1391,cdb9b8ec42a2f2e1,يكون حارس البناء مسؤولًا عن تعويض الضرر الذي يحدثه تهدّم البناء كله أو بعضه؛ ما لم يثبت أن الضرر لا يرجع سببه إلى إهمال ,مطابق,—,لا إجراء
132,المادة الثانية والثلاثون بعد المائة,132,cmpwid8c7027jnxffjit5q39g,132,نعم,a1392,c1de781220e1a693,كل من تولى حراسة أشياء تتطلب عنايةً خاصَّةً -بطبيعتها أو بموجب النصوص النظامية- للوقاية من ضررها؛ كان مسؤولًا عمَّا تحدث,مطابق,—,لا إجراء
133,المادة الثالثة والثلاثون بعد المائة,133,cmpwid8mx027lnxff5piynqpn,133,نعم,a1393,34704a1ff0c4e2eb,لكل من كان مهدَّدًا بضررٍ من شيءٍ معيَّنٍ أن يطالب حارسه باتخاذ ما يلزم من التدابير لدرء خطره، فإذا لم يقم باتخاذ هذه ال,مطابق,—,لا إجراء
134,المادة الرابعة والثلاثون بعد المائة,134,cmpwid8xo027nnxffgndaqywk,134,نعم,a1394,b748f2020864cb40,يُعَدُّ حارسًا للشيء من له بنفسه أو بوساطة غيره سلطة فعليّة عليه ولو كان الحارس غير مميز، ويفترض أن مالك الشيء هو حارسه ,مطابق,—,لا إجراء
135,المادة الخامسة والثلاثون بعد المائة,135,cmpwid98e027pnxff6i22qo6r,135,نعم,a1395,4d36b2f7df4d5246,استعمال الحق في المنافع العامة مقيَّدٌ بسلامة الغير، فمن استعمل حقه في منفعةٍ عامَّةٍ وأضر بالغير ضررًا يمكن التحرز منه ,مطابق,—,لا إجراء
136,المادة السادسة والثلاثون بعد المائة,136,cmpwid9j5027rnxffe6ctjuys,136,نعم,a1396,040046432067403f,يكون التعويض بما يجبر الضرر كاملًا؛ وذلك بإعادة المتضرر إلى الوضع الذي كان فيه أو كان من الممكن أن يكون فيه لولا وقوع ال,مطابق,—,لا إجراء
137,المادة السابعة والثلاثون بعد المائة,137,cmpwid9tw027tnxffnmfn0p82,137,نعم,a1397,539b2275d649f0c0,يتحدد الضرر الذي يلتزم المسؤول بالتعويض عنه بقدر ما لحق المتضرر من خسارةٍ وما فاته من كسب، إذا كان ذلك نتيجةً طبيعيةً لل,مطابق,—,لا إجراء
138,المادة الثامنة والثلاثون بعد المائة,138,cmpwida4m027vnxffw2dlwrpd,138,نعم,a1398,0c1dfbea37d7d13e,يشمل التعويضُ عن الفعل الضار التعويضَ عن الضرر المعنوي. يشمل الضرر المعنوي ما يلحق الشخص ذا الصفة الطبيعية من أذى حسيٍّ ,مطابق,—,لا إجراء
139,المادة التاسعة والثلاثون بعد المائة,139,cmpwidafd027xnxffob5qnknh,139,نعم,a1399,79a90526a83d0032,يُقدر التعويض بالنقد، على أنه يجوز للمحكمة تبعًا للظروف وبناءً على طلب المتضرر أن تقضي بالتعويض بالمثل أو بإعادة الحال إ,مطابق,—,لا إجراء
140,المادة الأربعون بعد المائة,140,cmpwidaq3027znxffph32oxu2,140,نعم,a1400,9f2faacea5544994,إذا ترتب على الفعل الضار تلف جسيم تتعذر معه إعادة الشيء للاستعمال المعد له؛ فللمتضرر الاحتفاظ به أو تركه للمتلف، والمطال,مطابق,—,لا إجراء
141,المادة الحادية والأربعون بعد المائة,141,cmpwidb0t0281nxffgu44vxr6,141,نعم,a1401,1441066658041126,للمحكمة إذا لم تتمكن من تقدير التعويض تقديرًا نهائيًّا أن تقرر تقديرًا أوَّليًّا للتعويض مع حفظ حق المتضرر في المطالبة ب,مطابق,—,لا إجراء
142,المادة الثانية والأربعون بعد المائة,142,cmpwidbbl0283nxffuuceia38,142,نعم,a1402,e26c26ac61d42ab4,إذا كان الضرر واقعًا على النفس أو ما دونها فإن مقدار التعويض عن الإصابة ذاتها يتحدد وفقًا لأحكام الضمان المقدّر في الشري,مطابق,—,لا إجراء
143,المادة الثالثة والأربعون بعد المائة,143,cmpwidbs70285nxfftood8kbj,143,نعم,a1403,41002930d3c16ae1,لا تُسمع دعوى التعويض الناشئة عن الفعل الضار بانقضاء (ثلاث) سنوات من تاريخ علم المتضرر بوقوع الضرر وبالمسؤول عنه. وفي جم,مطابق,—,لا إجراء
144,المادة الرابعة والأربعون بعد المائة,144,cmpwidc420287nxffh22n5xba,144,نعم,a1404,ed416794c1391ee2,كل شخص -ولو غير مميز- يثري دون سبب مشروع على حساب شخص آخر يلزمه في حدود ما أثرى به تعويض هذا الشخص عما لحقه من خسارة، وي,مطابق,—,لا إجراء
145,المادة الخامسة والأربعون بعد المائة,145,cmpwidcfw0289nxffa06ckyxy,145,نعم,a1405,8e2d0699bb289d25,كل من تسلَّم على سبيل الوفاء ما ليس مستحقًّا له وجب عليه ردُّه. لا محلَّ للرد إذا كان من قام بالوفاء يعلم أنه يدفع ما لي,مطابق,—,لا إجراء
146,المادة السادسة والأربعون بعد المائة,146,cmpwidcrq028bnxffxog1xmhm,146,نعم,a1406,83d39e639a741f20,يصح استرداد غير المستحق إذا كان الوفاء تنفيذًا لالتزامٍ لم يتحقَّق سببه أو زال بعد تحقُّقه، أو كان الوفاء تنفيذًا لالتزا,مطابق,—,لا إجراء
147,المادة السابعة والأربعون بعد المائة,147,cmpwidd3l028dnxff1anyuxuq,147,نعم,a1407,62c67301cdad9c89,لا محل لاسترداد غير المستحق إذا حصل الوفاء من غير المدين وترتب عليه أن الدائن وهو حسن النية قد تجرد من سند الدين أو مما ,مطابق,—,لا إجراء
148,المادة الثامنة والأربعون بعد المائة,148,cmpwiddfg028fnxff7p54czhk,148,نعم,a1408,0b6aedc31a9586cc,إذا كان من تسلَّم غير المستحق حسن النيَّة فلا يُلزم بأن يرد إلا ما تسلَّم، وإذا كان سيء النيَّة فإنه يُلزم بردِّ ما تسلّ,مطابق,—,لا إجراء
149,المادة التاسعة والأربعون بعد المائة,149,cmpwiddra028hnxffs2tx1rt5,149,نعم,a1409,2c39251e291ed683,إذا لم تتوفر أهلية التعاقد فيمن تسلَّم غير المستحق فلا يكون مُلزمًا إلا بالقدر الذي أثرى به. الفرع الثاني: الفضالة,مطابق,—,لا إجراء
150,المادة الخمسون بعد المائة,150,cmpwide35028jnxff81kh7yt0,150,نعم,a1410,59a17bf76f0e7087,الفضالة أن يتولى شخص عن قصدٍ القيام بشأن عاجل لحساب شخص آخر، دون أن يكون ملزمًا بذلك.,مطابق,—,لا إجراء
151,المادة الحادية والخمسون بعد المائة,151,cmpwideez028lnxff4vt3xw0d,151,نعم,a1411,0c0047f1abb0d398,تتحقق الفضالة ولو كان الفضولي أثناء توليه شأنًا لنفسه قد تولى شأن غيره لما بين الشأنين من ارتباطٍ يمنع من القيام بأحدهما,مطابق,—,لا إجراء
152,المادة الثانية والخمسون بعد المائة,152,cmpwidequ028nnxffmhphadl7,152,نعم,a1412,c01e3648aef889eb,تسري أحكام الوكالة إذا أجاز المنتفع ما قام به الفضولي.,مطابق,—,لا إجراء
153,المادة الثالثة والخمسون بعد المائة,153,cmpwidf2p028pnxffkvm4n1rt,153,نعم,a1413,bb40346fa4269dc8,يجب على الفضولي أن يمضي في العمل الذي بدأه إلى أن يتمكن المنتفع من مباشرته بنفسه، ويجب عليه أن يُعلم المنتفع بتدخله فور ,مطابق,—,لا إجراء
154,المادة الرابعة والخمسون بعد المائة,154,cmpwidfej028rnxff18s998t2,154,نعم,a1414,87d3820d0f062128,يجب على الفضولي أن يبذل عناية الشخص المعتاد، ويكون مسؤولًا عن الضرر الناشئ عن خطئه، وللمحكمة أن تنقص التعويض إن وُجد مسو,مطابق,—,لا إجراء
155,المادة الخامسة والخمسون بعد المائة,155,cmpwidfqd028tnxffhlj8dzv7,155,نعم,a1415,3265f865c55b1f2d,إذا عهد الفضولي إلى غيره بكل العمل أو بعضه كان مسؤولًا عن تصرفات المعهود إليه، دون إخلالٍ بما للمنتفع من الرجوع مباشرة ع,مطابق,—,لا إجراء
156,المادة السادسة والخمسون بعد المائة,156,cmpwidg27028vnxffdq8keumn,156,نعم,a1416,17cf8fec5b63beb0,يلتزم الفضولي برد ما حصل لديه بسبب الفضالة وبتقديم حسابٍ عما قام به للمنتفع.,مطابق,—,لا إجراء
157,المادة السابعة والخمسون بعد المائة,157,cmpwidge1028xnxffvtfmb5vt,157,نعم,a1417,25bbcd4c426d0d05,يعدُّ الفضولي نائبًا عن المنتفع إذا كان قد بذل في قيامه بالعمل عناية الشخص المعتاد ولو لم تتحقق النتيجة المرجوة، وعلى ال,مطابق,—,لا إجراء
158,المادة الثامنة والخمسون بعد المائة,158,cmpwidgqd028znxffzsc3ecs4,158,نعم,a1418,535777f2abcf957b,إذا مات الفضولي، وجب على ورثته -إذا توفرت فيهم الأهلية- أو نائبهم وكانوا على علم بالفضالة؛ أن يبادروا بإعلام المنتفع بمو,مطابق,—,لا إجراء
159,المادة التاسعة والخمسون بعد المائة,159,cmpwidh280291nxff3o210cmt,159,نعم,a1419,268f21f019caf7c0,لا تُسمع الدعوى الناشئة عن الإثراء بلا سبب أو دفع غير المستحق أو الفضالة بانقضاء (ثلاث) سنوات من تاريخ علم الدائن بحقه. ,مطابق,—,لا إجراء
160,المادة الستون بعد المائة,160,cmpwidhe20293nxffr3ylfg4l,160,نعم,a1420,9a73ad9c779f3f08,الالتزامات التي تنشأ مباشرةً عن النظام وحده تسري عليها النصوص النظامية التي أنشأتها. الباب الثاني: آثار الالتزام,مطابق,—,لا إجراء
161,المادة الحادية والستون بعد المائة,161,cmpwidhpx0295nxffh5qw8e5k,161,نعم,a1421,dd47bc22cf9e4aa7,يجب على المدين تنفيذ التزامه عند استحقاقه، فإذا امتنع نفذ عليه جبرًا متى استوفى التنفيذ الجبري شروطه النظامية.,مطابق,—,لا إجراء
162,المادة الثانية والستون بعد المائة,162,cmpwidi1r0297nxffdo0u368j,162,نعم,a1422,f43c54b55358640d,إذا لم يستوف الالتزام الشروط النظامية لتنفيذه جبرًا يبقى قائمًا في ذمة المدين ديانةً، فإذا وفاه مختارًا كان وفاؤه صحيحًا,مطابق,—,لا إجراء
163,المادة الثالثة والستون بعد المائة,163,cmpwididm0299nxffuonbm6dx,163,نعم,a1423,c86b881e77ceefa4,الالتزام القائم ديانةً يُعدُّ أساسًا صالحًا لأن يبني عليه المدين التزامًا نظاميًّا. الفصل الأول: التنفيذ العيني,مطابق,—,لا إجراء
164,المادة الرابعة والستون بعد المائة,164,cmpwidiph029bnxffkokp9mu1,164,نعم,a1424,01c19430881ae791,يُجبَر المدين بعد إعذاره على تنفيذ التزامه تنفيذًا عينيًّا متى كان ذلك ممكنًا. إذا كان في التنفيذ العيني إرهاقٌ للمدين ج,مطابق,—,لا إجراء
165,المادة الخامسة والستون بعد المائة,165,cmpwidj1a029dnxffbkh86gmk,165,نعم,a1425,dd8008cc9f78667e,إذا تعلق الحق بشيء معين بالنوع لا بالذات، فإنه لا يختص بشيء بذاته من ذلك النوع إلا بإفرازه. إذا لم يقم المدين بتنفيذ الت,مطابق,—,لا إجراء
166,المادة السادسة والستون بعد المائة,166,cmpwidjd5029fnxffdxpqwlg1,166,نعم,a1426,4b12418f9a8f9cdb,الالتزام بنقل حق عيني يتضمن الالتزام بتسليم الشيء والمحافظة عليه حتى تسليمه، فإذا لم يقم المدين بتسليمه حتى هلك أو تلف ك,مطابق,—,لا إجراء
167,المادة السابعة والستون بعد المائة,167,cmpwidjp0029hnxff1fjlu3xh,167,نعم,a1427,a05a6c76a94585ca,إذا كان الالتزام بعمل فتسري على تنفيذه الأحكام الآتية: أ- إذا نص الاتفاق أو اقتضت طبيعة العمل أن ينفذ المدين الالتزام بن,مطابق,—,لا إجراء
168,المادة الثامنة والستون بعد المائة,168,cmpwidk0u029jnxffrus32x64,168,نعم,a1428,f48dd56d2c9e42ad,إذا كان المطلوب من المدين هو المحافظة على الشيء أو القيام بإدارته أو توخي الحيطة في تنفيذ التزامه، فإنه يكون قد وفى بالا,مطابق,—,لا إجراء
169,المادة التاسعة والستون بعد المائة,169,cmpwidkcq029lnxffrkmv9ko4,169,نعم,a1429,9b82d06745675970,إذا التزم المدين بالامتناع عن عمل وأخل بهذا الالتزام، كان للدائن أن يطلب إزالة ما وقع مخالفًا للالتزام مع التعويض إذا كا,مطابق,—,لا إجراء
170,المادة السبعون بعد المائة,170,cmpwidkom029nnxffpvxkstih,170,نعم,a1430,2a34e93a936ff353,يحكم على المدين بالتعويض لعدم الوفاء إذا استحال التنفيذ عينًا، بما في ذلك أن يتأخر فيه المدين حتى يصبح غير مجدٍ للدائن. ,مطابق,—,لا إجراء
171,المادة الحادية والسبعون بعد المائة,171,cmpwidl0g029pnxffhrgyqfa9,171,نعم,a1431,03a2e9756de98e5e,إذا تأخر المدين في تنفيذ التزامه وجب عليه تعويض الدائن عما يلحقه من ضرر بسبب التأخير، ما لم يثبت أن تأخير الوفاء بسبب لا,مطابق,—,لا إجراء
172,المادة الثانية والسبعون بعد المائة,172,cmpwidlca029rnxffyvpgtyf8,172,نعم,a1432,3e4446c70cdcba64,إذا اشترك الدائن بخطئه في إحداث الضرر الناشئ عن عدم التنفيذ أو التأخر فيه أو زاد في ذلك الضرر، فتطبق أحكام المادة (الثام,مطابق,—,لا إجراء
173,المادة الثالثة والسبعون بعد المائة,173,cmpwidlo4029tnxffxmhgj1l9,173,نعم,a1433,7f235bf96137ca3f,يجوز الاتفاق على إعفاء المدين من التعويض عن الضرر الناشئ عن عدم تنفيذ التزامه التعاقدي أو تأخره فيه، إلا ما يكون عن غش أ,مطابق,—,لا إجراء
174,المادة الرابعة والسبعون بعد المائة,174,cmpwidlzz029vnxffwtz2bvqw,174,نعم,a1434,395457099eaa68eb,يجوز الاتفاق على أن يتحمل المدين تبعة القوة القاهرة.,مطابق,—,لا إجراء
175,المادة الخامسة والسبعون بعد المائة,175,cmpwidmbu029xnxff95nn8irl,175,نعم,a1435,341978ab373600cd,لا يُستحق التعويض إلا بعد إعذار المدين؛ ما لم يوجد اتفاق أو نص نظامي بخلاف ذلك.,مطابق,—,لا إجراء
176,المادة السادسة والسبعون بعد المائة,176,cmpwidmnp029znxffrtdzl9cw,176,نعم,a1436,0f4288885aa6f61b,لا يشترط إعذار المدين في الحالات الآتية: أ- إذا اتفق الطرفان صراحة أو ضمنًا على عَدِّ المدين معذرًا بمجرد حلول الأجل. ب-,مطابق,—,لا إجراء
177,المادة السابعة والسبعون بعد المائة,177,cmpwidmzk02a1nxffc5ehx5w1,177,نعم,a1437,b68e483110ac0aec,يكون الإعذار بأي وسيلة متفق عليها بين المتعاقدين، أو بأي وسيلة مقررة نظامًا للتبليغ، بما في ذلك رفع الدعوى أو أي إجراء ق,مطابق,—,لا إجراء
178,المادة الثامنة والسبعون بعد المائة,178,cmpwidnbe02a3nxfflsc4qnxk,178,نعم,a1438,ba8aaf8f382328c0,يجوز للمتعاقدين أن يحددا مقدمًا مقدار التعويض بالنص عليه في العقد أو في اتفاقٍ لاحقٍ؛ ما لم يكن محل الالتزام مبلغًا نقدي,مطابق,—,لا إجراء
179,المادة التاسعة والسبعون بعد المائة,179,cmpwidnt402a5nxff25apx50j,179,نعم,a1439,3a080bd7a07b7854,لا يكون التعويض الاتفاقيُّ مستحَقًّا إذا أثبت المدين أن الدائن لم يلحقه أي ضرر. للمحكمة بناءً على طلب المدين أن تنقص هذا,مطابق,—,لا إجراء
180,المادة الثمانون بعد المائة,180,cmpwido4y02a7nxffwosg0os8,180,نعم,a1440,995bca6d1f71c260,إذا لم يكن التعويض مقدرًا في العقد أو بنص نظامي؛ قدرته المحكمة وفقًا لأحكام المواد (السادسة والثلاثين بعد المائة) و(السا,مطابق,—,لا إجراء
181,المادة الحادية والثمانون بعد المائة,181,cmpwidogt02a9nxfflf74rf0s,181,نعم,a1441,c95876a0f14bf2fd,أموال المدين جميعها ضامنةٌ للوفاء بديونه، وجميع الدائنين متساوون في هذا الضمان، ولا أولوية لأحدهم إلا بنص نظامي. يجوز ال,مطابق,—,لا إجراء
182,المادة الثانية والثمانون بعد المائة,182,cmpwidosn02abnxffp9jb3zf9,182,نعم,a1442,187d73859a45590c,لكل دائنٍ ولو لم يكن حقه مستحق الأداء أن يستعمل حقوق مدينه إلا ما كان منها متصلًا بشخصه خاصةً أو غير قابلٍ للحجز، وذلك إ,مطابق,—,لا إجراء
183,المادة الثالثة والثمانون بعد المائة,183,cmpwidp4h02adnxffp6wg183s,183,نعم,a1443,1c4d31e679b8fa6f,إذا تصرف المدين تصرفًا ترتبت عليه زيادة ديونه على أمواله، فلكل دائن كان حقه مستحق الأداء وتضرر من التصرف طلب منع نفاذ هذ,مطابق,—,لا إجراء
184,المادة الرابعة والثمانون بعد المائة,184,cmpwidpgb02afnxffsvjbpzsl,184,نعم,a1444,0e6da9efa08d091e,لكل من تلقى حقًّا من المدين الذي أحاطت ديونه بأمواله أن يتخلص من دعوى منع نفاذ التصرف إذا أودع عوض المثل لدى الجهة التي ,مطابق,—,لا إجراء
185,المادة الخامسة والثمانون بعد المائة,185,cmpwidps602ahnxffzc5lpfya,185,نعم,a1445,3b50b7abe0ddb252,إذا تصرف المدين الذي أحاطت ديونه بأمواله تصرفًا لم يقصد منه إلا تفضيل دائن على آخر دون حق، فلا يترتب على ذلك إلا حرمان ا,مطابق,—,لا إجراء
186,المادة السادسة والثمانون بعد المائة,186,cmpwidq4002ajnxffzapcapq3,186,نعم,a1446,8a4356aebc26dc0c,إذا ادعى الدائن إحاطة الدين بمال المدين فليس على الدائن إلا أن يثبت مقدار ما في ذمة المدين من ديون حالة، وللمدين أن يدفع,مطابق,—,لا إجراء
187,المادة السابعة والثمانون بعد المائة,187,cmpwidqfv02alnxffh8186mbg,187,نعم,a1447,fdbb735db12fe82d,إذا قُضي بعدم نفاذ تصرف المدين الذي أحاطت ديونه بأمواله؛ استفاد من ذلك جميع الدائنين الذين يضارون بهذا التصرف.,مطابق,—,لا إجراء
188,المادة الثامنة والثمانون بعد المائة,188,cmpwidqrq02annxffh26e1ud2,188,نعم,a1448,c5a9fd5f8808c895,لا تُسمع دعوى عدم نفاذ التصرف بانقضاء (سنة) من تاريخ علم الدائن بسبب عدم النفاذ، ولا تُسمع الدعوى في جميع الأحوال بانقضا,مطابق,—,لا إجراء
189,المادة التاسعة والثمانون بعد المائة,189,cmpwidr3k02apnxfft114zp7i,189,نعم,a1449,8fe8cf0a9f9b8ced,إذا أبرم عقد صوري، فلدائني المتعاقدين وللخلف الخاص متى كانوا حسني النية، أن يتمسكوا بالعقد الصوري، ولهم أيضًا أن يتمسكوا,مطابق,—,لا إجراء
190,المادة التسعون بعد المائة,190,cmpwidrfe02arnxffae0jenb8,190,نعم,a1450,f45f9e6f98d6b451,إذا ستر المتعاقدان عقدًا حقيقيًّا بعقد ظاهر فالعقد النافذ فيما بين المتعاقدين والخلف العام هو العقد الحقيقي. الفرع الثال,مطابق,—,لا إجراء
191,المادة الحادية والتسعون بعد المائة,191,cmpwidrr802atnxffqk8iuz9k,191,نعم,a1451,67dad9b49136e388,لكل من التزم بأداء شيءٍ أن يمتنع عن الوفاء به ما دام الدائن لم يوف بالتزام في ذمته نشأ بسبب التزام المدين وكان مرتبطًا ب,مطابق,—,لا إجراء
192,المادة الثانية والتسعون بعد المائة,192,cmpwids3302avnxffmzr4h4bq,192,نعم,a1452,9ccd87acc0747b7a,لكل من أنفق على ملك غيره نفقاتٍ ضروريَّة أو نافعة وهو تحت يده بطريق مشروع أن يحبسه حتى يسترد ما هو مستحقٌّ له.,مطابق,—,لا إجراء
193,المادة الثالثة والتسعون بعد المائة,193,cmpwidsex02axnxffqe1t2ygs,193,نعم,a1453,f61164d1b8ff4005,من حبس شيئًا فعليه أن يحافظ عليه وأن يقدم حسابًا عن غلته. إذا كان الشيء المحبوس يخشى عليه من الهلاك أو التلف، أو طالت مد,مطابق,—,لا إجراء
194,المادة الرابعة والتسعون بعد المائة,194,cmpwidsqr02aznxff5dux1xjs,194,نعم,a1454,ad9c8ecc1e90c969,الحق في حبس الشيء لا يجعل للحابس أولوية في استيفاء حقه منه.,مطابق,—,لا إجراء
195,المادة الخامسة والتسعون بعد المائة,195,cmpwidt2l02b1nxff5gc3xp3z,195,نعم,a1455,78f713aa00a54a1f,ينقضي الحق في الحبس بهلاك الشيء المحبوس، أو استيفاء الحابس حقه من مدينه، أو خروج الشيء من يد حابسه. لحابس الشيء إذا خرج ,مطابق,—,لا إجراء
196,المادة السادسة والتسعون بعد المائة,196,cmpwidtef02b3nxffyc4ihin5,196,نعم,a1456,af06c1da721139d6,تسري على إعسار المدين النصوص النظامية الخاصة به. الباب الثالث: الأوصاف العارضة على الالتزام الفصل الأول: الشرط والأجل ال,مطابق,—,لا إجراء
197,المادة السابعة والتسعون بعد المائة,197,cmpwidtqa02b5nxff227ucvwp,197,نعم,a1457,4c8438b5bd42fcac,يكون الالتزام معلَّقًا على شرطٍ إذا كان وجوده أو زواله مترتِّبًا على أمرٍ مستقبلٍ محتمل الوقوع.,مطابق,—,لا إجراء
198,المادة الثامنة والتسعون بعد المائة,198,cmpwidu2402b7nxffwr1ve3g6,198,نعم,a1458,b7a5f8982f606a42,إذا علق الالتزام على أمر واقع عد الالتزام ناجزًا، وإذا علق على أمر مستحيل عد الشرط باطلًا، ويبطل الالتزام الذي علق عليه.,مطابق,—,لا إجراء
199,المادة التاسعة والتسعون بعد المائة,199,cmpwidue402b9nxffx6uiumyt,199,نعم,a1459,b9524adba33d801c,لا ينشأ الالتزام إذا عُلق على شرطٍ يكون القصد من التعليق عليه الحض على أمر غير مشروع.,مطابق,—,لا إجراء
200,المادة المائتان,200,cmpwidupy02bbnxffwaz71tdh,200,نعم,a1460,0889f780993d72f2,لا يكون الالتزام قائمًا إذا علق على شرط واقف يجعل وجود الالتزام متوقفًا على محض إرادة الملتزم.,مطابق,—,لا إجراء
201,المادة الأولى بعد المائتين,201,cmpwidv1t02bdnxffy5dj8c1v,201,نعم,a1461,3ef1cc020734b284,لا يكون الالتزام المعلق على شرط واقف نافذًا إلا إذا تحقق الشرط المعلق عليه، ولا يكون الالتزام قبل تحقق الشرط قابلًا للتن,مطابق,—,لا إجراء
202,المادة الثانية بعد المائتين,202,cmpwidvdo02bfnxffxee6r83n,202,نعم,a1462,c30b79182d4f7420,يترتب على تحقق الشرط الفاسخ زوال الالتزام، ويلزم الدائن رد ما أخذه، فإذا استحال الرد لسبب هو مسؤولٌ عنه لزمه التعويض، وت,مطابق,—,لا إجراء
203,المادة الثالثة بعد المائتين,203,cmpwidvpo02bhnxffz2qdsjof,203,نعم,a1463,b237c0ce7c06a552,إذا تحقق الشرط استند أثره إلى الوقت الذي نشأ فيه الالتزام إلا إذا تبين من إرادة المتعاقدين أو من طبيعة العقد أن وجود الا,مطابق,—,لا إجراء
204,المادة الرابعة بعد المائتين,204,cmpwidx8302bjnxff4sjt5n8b,204,نعم,a1464,ea12a3887c20e84f,يكون الالتزام لأجل إذا كان نفاذه أو انقضاؤه مترتبًا على أمر مستقبل محقق الوقوع. الالتزام المضاف إلى أجل لا يكون نافذًا إ,مطابق,—,لا إجراء
205,المادة الخامسة بعد المائتين,205,cmpwidxwd02blnxffjuo6q2ff,205,نعم,a1465,16ddca499f50fedc,يسقط حق المدين في الأجل إذا حكم بإعساره، أو لم يقدم ضمانات الدين المتفق عليها، أو نقصت تلك الضمانات بفعله أو بسبب لا يد ,مطابق,—,لا إجراء
206,المادة السادسة بعد المائتين,206,cmpwidy8j02bnnxff439fatxj,206,نعم,a1466,679cdf190f2f51a8,يجوز تعجيل الوفاء بالدين ممن كان الأجل لمصلحته ما لم يلحق التعجيل ضررًا بالطرف الآخر. عند الشك في كون الأجل لمصلحة المدي,مطابق,—,لا إجراء
207,المادة السابعة بعد المائتين,207,cmpwidykp02bpnxff0jozotzf,207,نعم,a1467,dddf30fc5b2403e1,لا يحل الدين المؤجل بموت الدائن، ويحل بموت المدين إلا إذا كان الدين موثَّقًا بضمانٍ عينيٍّ أو قدم الورثة ضمانًا كافيًا ع,مطابق,—,لا إجراء
208,المادة الثامنة بعد المائتين,208,cmpwidywv02brnxff7yzi9gku,208,نعم,a1468,cf24b80c7bccf201,إذا سقط حق المدين في الأجل وفقًا لما تقضي به النصوص النظامية، وتبين أنَّ للأجل أثرًا في زيادة مقدار الدين عند إنشاء العق,مطابق,—,لا إجراء
209,المادة التاسعة بعد المائتين,209,cmpwidz9202btnxff265628eu,209,نعم,a1469,0dbd2d564c83f62b,إذا تبيّن من الاتفاق أن الوفاء لا يكون إلا حين الميسرة، حددت المحكمة أجلًا يكون مظنة للقدرة على الوفاء مراعيةً في ذلك مو,مطابق,—,لا إجراء
210,المادة العاشرة بعد المائتين,210,cmpwidzl702bvnxffyszyl249,210,نعم,a1470,92a421513397fe1d,يكون الالتزام تخييريًّا إذا شمل محله أشياء متعددة تبرأ ذمة المدين متى أدى واحدًا منها، ويكون الخيار للمدين ما لم يوجد ات,مطابق,—,لا إجراء
211,المادة الحادية عشرة بعد المائتين,211,cmpwidzxe02bxnxffldl4cwpt,211,نعم,a1471,309fba8ec7d4d1fb,يكون الالتزام بدليًّا إذا لم يشمل محله إلا شيئًا واحدًا، مع حق المدين أن يؤدي بدلًا منه شيئًا آخر. الأصل لا البدل هو وحد,مطابق,—,لا إجراء
212,المادة الثانية عشرة بعد المائتين,212,cmpwie09l02bznxffnno0k1iy,212,نعم,a1472,ab493d95435415a4,لا يكون التضامن بين الدائنين إلا باتفاقٍ أو بنص نظامي.,مطابق,—,لا إجراء
213,المادة الثالثة عشرة بعد المائتين,213,cmpwie0lr02c1nxffbs9bbrro,213,نعم,a1473,3c604a6c6f09c49d,للدائنين المتضامنين مجتمعين أو منفردين مطالبة المدين بكل الدين. للمدين أن يعترض على مطالبة أحد دائنيه المتضامنين بأوجه ا,مطابق,—,لا إجراء
214,المادة الرابعة عشرة بعد المائتين,214,cmpwie0xx02c3nxffgpam2i4w,214,نعم,a1474,8833c3a8cd720efe,كل ما يستوفيه أحد الدائنين المتضامنين يكون من حقهم جميعًا، ويتحاصون فيه إلا إذا قضى نص نظامي أو وجد اتفاق بخلاف ذلك.,مطابق,—,لا إجراء
215,المادة الخامسة عشرة بعد المائتين,215,cmpwie1a302c5nxff73aa2357,215,نعم,a1475,79072f2e8cfc2585,للمدين أن يوفي دينه لأي من الدائنين المتضامنين إلا إذا أعذره أحدهم بعدم وفاء نصيبه لدائن معين ولم يترتب على ذلك ضرر بالم,مطابق,—,لا إجراء
216,المادة السادسة عشرة بعد المائتين,216,cmpwie1ma02c7nxffzp67kgsu,216,نعم,a1476,8e89f2c34cac54f7,إذا برئت ذمة المدين تجاه أحد الدائنين المتضامنين بسبب غير الوفاء فلا تبرأ ذمته تجاه باقي الدائنين إلا بقدر حصة ذلك الدائ,مطابق,—,لا إجراء
217,المادة السابعة عشرة بعد المائتين,217,cmpwie1yf02c9nxffw0f8xnex,217,نعم,a1477,0d9b270f4e3ee6fa,إذا قام أحد الدائنين المتضامنين بعمل من شأنه الإضرار بالدائنين الآخرين لم ينفذ هذا العمل في حقهم.,مطابق,—,لا إجراء
218,المادة الثامنة عشرة بعد المائتين,218,cmpwie2al02cbnxff9wd726wl,218,نعم,a1478,1856819fa35ec8e7,لا يحول تضامن الدائنين دون انقسام الدين بين ورثة أيٍّ منهم، وينتقل التضامن في الدين كله إلى كل وارث بقدر نصيبه من التركة,مطابق,—,لا إجراء
219,المادة التاسعة عشرة بعد المائتين,219,cmpwie2mr02cdnxffy5wab02e,219,نعم,a1479,3f4ebef56a425296,يكون الدين مشتركًا بين عدة دائنين إذا اتحد سببه، ويعد دينًا مشتركًا الدينُ الذي آل بالإرث إلى أكثر من وارث.,مطابق,—,لا إجراء
220,المادة العشرون بعد المائتين,220,cmpwie2yx02cfnxffnlm0vu3b,220,نعم,a1480,fef1401bb86f294a,لكل من الشركاء في الدين المشترك المطالبة بقدر حصته فيه، ولباقي الشركاء أن يشاركوه فيما قبض بنسبة حصة كلٍّ منهم، ويتبَعُو,مطابق,—,لا إجراء
221,المادة الحادية والعشرون بعد المائتين,221,cmpwie3b302chnxffwdq8g1ij,221,نعم,a1481,1a4c56731be56c12,إذا قبض أحد الشركاء حصته في الدين المشترك ثم تصرف فيها فللشركاء الآخرين أن يرجعوا عليه بأنصبتهم فيها، وإذا هلكت في يده ب,مطابق,—,لا إجراء
222,المادة الثانية والعشرون بعد المائتين,222,cmpwie3n902cjnxffwsv59aqz,222,نعم,a1482,d61679bddf1ef900,لا يكون التضامن بين المدينين إلا باتفاق أو بنص نظامي.,مطابق,—,لا إجراء
223,المادة الثالثة والعشرون بعد المائتين,223,cmpwie3zf02clnxffahmk34bm,223,نعم,a1483,aa04a7441a15936c,يتحقق التضامن بين المدينين ولو كان دين بعضهم مؤجلًا أو معلقًا على شرطٍ أو مرتبطًا بأي وصف مؤثرٍ فيه، وكان دين الآخرين من,مطابق,—,لا إجراء
224,المادة الرابعة والعشرون بعد المائتين,224,cmpwie4bl02cnnxff2h0r02xt,224,نعم,a1484,74d32d4ab62922ed,إذا وفى أحد المدينين المتضامنين الدين برئت ذمته وذمة باقي المدينين.,مطابق,—,لا إجراء
225,المادة الخامسة والعشرون بعد المائتين,225,cmpwie4nz02cpnxffus4j9yav,225,نعم,a1485,e20722778301396b,للدائن أن يطالب بدينه كل المدينين المتضامنين أو بعضهم، على أن يراعي في مطالبته ما في علاقته بكل مدين من وصف مؤثر في الدي,مطابق,—,لا إجراء
226,المادة السادسة والعشرون بعد المائتين,226,cmpwie50602crnxffqmfcpk3v,226,نعم,a1486,c6038cdd03bebde4,لا يجوز للمدين المتضامن أن يحتج بالمقاصة التي تقع بين الدائن ومدين متضامن آخر إلا بقدر حصة هذا المدين الآخر.,مطابق,—,لا إجراء
227,المادة السابعة والعشرون بعد المائتين,227,cmpwie5cb02ctnxff7sc7op57,227,نعم,a1487,580e4cc75f3e0a9f,إذا انقضت حصة أحد المدينين المتضامنين في الدين باتحاد الذمة؛ فإن الدين لا ينقضي بالنسبة إلى باقي المدينين إلا بقدر حصة ه,مطابق,—,لا إجراء
228,المادة الثامنة والعشرون بعد المائتين,228,cmpwie5oh02cvnxff02pobjm0,228,نعم,a1488,720455673ac17881,إذا أبرأ الدائن أحد المدينين المتضامنين من الدين فقط برئت ذمته وذمة الباقين بقدر حصته وبقي تضامنه. إذا أبرأ الدائن أحد ا,مطابق,—,لا إجراء
229,المادة التاسعة والعشرون بعد المائتين,229,cmpwie60n02cxnxff8yhlnmhc,229,نعم,a1489,8e64fdb3a3450690,في الأحوال التي يُبرئ فيها الدائن أحد المدينين المتضامنين سواء من الدين أو من التضامن، يكون لباقي المدينين عند الاقتضاء ,مطابق,—,لا إجراء
230,المادة الثلاثون بعد المائتين,230,cmpwie6cu02cznxffjifdwdfy,230,نعم,a1490,bce0217133bdd9e3,لا يفيد عدم سماع الدعوى لمرور الزمن بالنسبة إلى أحد المدينين المتضامنين باقي المدينين إلا بقدر حصة ذلك المدين. ليس للدائ,مطابق,—,لا إجراء
231,المادة الحادية والثلاثون بعد المائتين,231,cmpwie6p002d1nxff26cprdgi,231,نعم,a1491,48c843cb5b125270,لا يكون المدين المتضامن مسؤولًا في تنفيذ الالتزام إلا عن فعله. إذا أعذر الدائن المدين المتضامن أو طالبه قضاءً فلا أثر لذ,مطابق,—,لا إجراء
232,المادة الثانية والثلاثون بعد المائتين,232,cmpwie71602d3nxff8zhpg5qy,232,نعم,a1492,27a548077bd1857a,ينفذ الصلح الذي يعقده أحد المدينين المتضامنين مع الدائن على باقي المدينين، ما لم يرتب في ذمتهم التزامًا جديدًا أو زيادةً,مطابق,—,لا إجراء
233,المادة الثالثة والثلاثون بعد المائتين,233,cmpwie7dc02d5nxffo01bu7s8,233,نعم,a1493,6b11fcdea19f2614,لا يسري إقرار أحد المدينين المتضامنين بما عليه من الدين في حق باقي المدينين المتضامنين، ولا يضار باقي المدينين المتضامني,مطابق,—,لا إجراء
234,المادة الرابعة والثلاثون بعد المائتين,234,cmpwie7pi02d7nxffasel1jm0,234,نعم,a1494,75dd71d3922b0bdb,إذا وفى أحد المدينين المتضامنين أكثر من حصته في الدين فليس له أن يرجع فيما زاد على حصته على أي من الباقين إلا بقدر حصته،,مطابق,—,لا إجراء
235,المادة الخامسة والثلاثون بعد المائتين,235,cmpwie81q02d9nxffr8f22k4w,235,نعم,a1495,ef5590811a50e8ba,يكون الالتزام غير قابل للانقسام إذا ورد على محل لا يقبل أن ينقسم بطبيعته، أو تبين من الغرض الذي قصده المتعاقدان أن الالت,مطابق,—,لا إجراء
236,المادة السادسة والثلاثون بعد المائتين,236,cmpwie8dw02dbnxffv99q38ir,236,نعم,a1496,d78dedeb555e36a3,إذا تعدد المدينون في التزام غير قابل للانقسام كان كل منهم ملزمًا بوفاء الدين كاملًا، وللمدين الذي وفى بالدين حق الرجوع ع,مطابق,—,لا إجراء
237,المادة الثامنة والثلاثون بعد المائتين,238,cmpwie8q202ddnxffe56wm0vl,238,نعم,a1497,23d4d0225b89fea1,للدائن أن يحيل حقه إلى شخص آخر، وذلك ما لم تقتضِ النصوص النظامية أو الاتفاق أو طبيعة الالتزام خلاف ذلك، ولا يشترط لانعقا,الصف يحمل عنوان ونص المادة الرسمية 238 (إزاحة +1),حرجة,استبدال العنوان والنص بالنص الرسمي للمادة 237
238,المادة التاسعة والثلاثون بعد المائتين,239,cmpwie98c02dfnxffpbqdkcje,239,نعم,a1498,30e8cae12c8e93e9,لا تصح حوالة الحق إلا بقدر ما يكون منه قابلًا للحجز.,الصف يحمل عنوان ونص المادة الرسمية 239 (إزاحة +1),حرجة,استبدال العنوان والنص بالنص الرسمي للمادة 238
239,المادة الأربعون بعد المائتين,240,cmpwie9ki02dhnxffoepaqzjm,240,نعم,a1499,9a62a52ed941a233,لا تكون حوالة الحق نافذة تجاه المدين أو تجاه الغير إلا إذا قبلها المدين أو أُعلِم بها بأي وسيلة مقررة نظامًا، على أن نفا,الصف يحمل عنوان ونص المادة الرسمية 240 (إزاحة +1),حرجة,استبدال العنوان والنص بالنص الرسمي للمادة 239
240,المادة الحادية والأربعون بعد المائتين,241,cmpwie9wo02djnxffxm3j7tuc,241,نعم,a1500,b754e8929d76114c,ينتقل الحق إلى المحال له بصفاته وتوابعه وضماناته.,الصف يحمل عنوان ونص المادة الرسمية 241 (إزاحة +1),حرجة,استبدال العنوان والنص بالنص الرسمي للمادة 240
241,المادة الثانية والأربعون بعد المائتين,242,cmpwiea8v02dlnxff4hwwhrys,242,نعم,a1501,408bb14be8217208,إذا كانت الحوالة بعوض، لم يضمن المحيل إلا وجود الحق المحال به وقت انعقاد الحوالة، ما لم يتفق على خلاف ذلك. إذا كانت الحو,الصف يحمل عنوان ونص المادة الرسمية 242 (إزاحة +1),حرجة,استبدال العنوان والنص بالنص الرسمي للمادة 241
242,المادة الثالثة والأربعون بعد المائتين,243,cmpwieal202dnnxffrvqrmydu,243,نعم,a1502,1b96a79533de45a1,لا يضمن المحيل يسار المدين إلا إذا وجد اتفاق خاص على هذا الضمان، وإذا ضمن المحيل يسار المدين لا ينصرف هذا الضمان إلا إلى,الصف يحمل عنوان ونص المادة الرسمية 243 (إزاحة +1),حرجة,استبدال العنوان والنص بالنص الرسمي للمادة 242
243,المادة الرابعة والأربعون بعد المائتين,244,cmpwieax802dpnxff54h8etw7,244,نعم,a1503,8e4a61ff1e30dab5,إذا رجع المحال له بالضمان على المحيل طبقًا للمادتين (الثانية والأربعين بعد المائتين) و(الثالثة والأربعين بعد المائتين) م,الصف يحمل عنوان ونص المادة الرسمية 244 (إزاحة +1),حرجة,استبدال العنوان والنص بالنص الرسمي للمادة 243
244,المادة الخامسة والأربعون بعد المائتين,245,cmpwieb9e02drnxff5wpgtf0n,245,نعم,a1504,eab48c44eb4d86ed,للمدين أن يتمسك تجاه المحال له بالدفوع التي كان له أن يتمسك بها تجاه المحيل وقت نفاذ الحوالة في حقه، كما يجوز له أن يتمس,الصف يحمل عنوان ونص المادة الرسمية 245 (إزاحة +1),حرجة,استبدال العنوان والنص بالنص الرسمي للمادة 244
245,المادة السادسة والأربعون بعد المائتين,246,cmpwieblj02dtnxff03bwi8do,246,نعم,a1505,0e72198eb52e1f10,إذا تعددت الحوالة بحقٍّ واحدٍ قدمت الحوالة التي تكون أسبق في نفاذها في حق الغير.,الصف يحمل عنوان ونص المادة الرسمية 246 (إزاحة +1),حرجة,استبدال العنوان والنص بالنص الرسمي للمادة 245
246,المادة السابعة والأربعون بعد المائتين,247,cmpwiebxp02dvnxffufu34xwt,247,نعم,a1506,c110229d95fa5756,إذا وقع تحت يد المدين حجز قبل أن تصبح الحوالة نافذة في حق الغير كانت الحوالة بالنسبة إلى الحاجز بمثابة حجز آخر، فيقسم ال,الصف يحمل عنوان ونص المادة الرسمية 247 (إزاحة +1),حرجة,استبدال العنوان والنص بالنص الرسمي للمادة 246
247,المادة الثامنة والأربعون بعد المائتين,248,cmpwiec9v02dxnxffan0l7p58,248,نعم,a1507,acb2097771184c49,حوالة الدين عقد يقتضي نقل الالتزام من ذمة المحيل إلى ذمة المحال عليه.,الصف يحمل عنوان ونص المادة الرسمية 248 (إزاحة +1),حرجة,استبدال العنوان والنص بالنص الرسمي للمادة 247
248,المادة التاسعة والأربعون بعد المائتين,249,cmpwiecm102dznxffxo8rd555,249,نعم,a1508,ba69b1253bef2ba7,تنعقد حوالة الدين باتفاق بين المحيل والمحال عليه، ولا تنفذ في حق المحال إلا إذا قبلها. إذا لم يقبل المحال الحوالة فإن ال,الصف يحمل عنوان ونص المادة الرسمية 249 (إزاحة +1),حرجة,استبدال العنوان والنص بالنص الرسمي للمادة 248
249,المادة الخمسون بعد المائتين,250,cmpwiecy802e1nxffm5uqibt2,250,نعم,a1509,2ae8c73b56615ce1,يجوز أن تنعقد حوالة الدين باتفاقٍ بين المحيل والمحال، ولا تنفذ في حق المحال عليه إلا إذا قبلها، وإذا كان المحال عليه مدي,الصف يحمل عنوان ونص المادة الرسمية 250 (إزاحة +1),حرجة,استبدال العنوان والنص بالنص الرسمي للمادة 249
250,المادة الحادية والخمسون بعد المائتين,251,cmpwiedae02e3nxffsy4aajef,251,نعم,a1510,7af78658223e33a9,ينتقل الدين المحال به إلى المحال عليه بصفاته وتوابعه وتبرأ ذمة المحيل من الدين.,الصف يحمل عنوان ونص المادة الرسمية 251 (إزاحة +1),حرجة,استبدال العنوان والنص بالنص الرسمي للمادة 250
251,المادة الثانية والخمسون بعد المائتين,252,cmpwiedmk02e5nxffjypj0mbt,252,نعم,a1511,7c03573e93186ee5,تبقى للدين المحال به ضماناته، ومع ذلك لا تبقى الضمانات المقدمة من الغير، ويبقى المدينون المتضامنون ملتزمين بعد خصم حصة ا,الصف يحمل عنوان ونص المادة الرسمية 252 (إزاحة +1),حرجة,استبدال العنوان والنص بالنص الرسمي للمادة 251
252,المادة الثالثة والخمسون بعد المائتين,253,cmpwiedyq02e7nxff9ooll0gc,253,نعم,a1512,dc7d08075cbf6c86,للمحال عليه أن يتمسك تجاه المحال بالدفوع التي كان للمحيل أن يتمسك بها، كما يجوز له أن يتمسك بالدفوع المستمدة من عقد الحو,الصف يحمل عنوان ونص المادة الرسمية 253 (إزاحة +1),حرجة,استبدال العنوان والنص بالنص الرسمي للمادة 252
253,المادة الرابعة والخمسون بعد المائتين,254,cmpwieeaw02e9nxffhszipujz,254,نعم,a1513,9e61fa122676818d,يضمن المحيل يسار المحال عليه وقت انعقاد الحوالة إذا كانت الحوالة بين المحيل والمحال، ووقت نفاذها إذا كانت الحوالة بين ال,الصف يحمل عنوان ونص المادة الرسمية 254 (إزاحة +1),حرجة,استبدال العنوان والنص بالنص الرسمي للمادة 253
254,المادة الخامسة والخمسون بعد المائتين,255,cmpwieen402ebnxfftn9dpe0e,255,نعم,a1514,773f452d3ed22b08,يجوز للمتعاقد أن ينقل صفته كطرف في عقد إلى غيره بموافقة المتعاقد الآخر، ويجوز أن تمنح الموافقة مقدمًا إذا عين فيها العقد,الصف يحمل عنوان ونص المادة الرسمية 255 (إزاحة +1),حرجة,استبدال العنوان والنص بالنص الرسمي للمادة 254
255,المادة السادسة والخمسون بعد المائتين,256,cmpwieezb02ednxffzr4g57qr,256,نعم,a1515,d3833ddf2cdacfb9,إذا وافق المتنازل لديه على التنازل، برئ المتنازل تجاه المتنازل لديه بالنسبة إلى المستقبل، وإذا لم يوافق التزم المتنازل ب,الصف يحمل عنوان ونص المادة الرسمية 256 (إزاحة +1),حرجة,استبدال العنوان والنص بالنص الرسمي للمادة 255
256,المادة السابعة والخمسون بعد المائتين,257,cmpwiefbh02efnxffs1p9fnjy,257,نعم,a1516,d235e5f76463d2ad,للمتنازل له أن يحتج تجاه المتنازل لديه بالدفوع المتعلقة بالدين، وليس له أن يحتج بالدفوع الخاصة بشخص المتنازل. للمتنازل ل,الصف يحمل عنوان ونص المادة الرسمية 257 (إزاحة +1),حرجة,استبدال العنوان والنص بالنص الرسمي للمادة 256
257,المادة الثامنة والخمسون بعد المائتين,258,cmpwiefno02ehnxffwb13xo5w,258,نعم,a1517,1ced0b38ba39588a,إذا لم يبرئ المتنازل لديه المتنازل بقيت جميع الضمانات المتفق عليها بينهما، وإذا أبرأه لم تبق الضمانات المقدمة من الغير، ,الصف يحمل عنوان ونص المادة الرسمية 258 (إزاحة +1),حرجة,استبدال العنوان والنص بالنص الرسمي للمادة 257
258,المادة التاسعة والخمسون بعد المائتين,259,cmpwiefzu02ejnxff4xewj1xx,259,نعم,a1518,4e405583fee61a3d,يصح الوفاء من الآتي: أ- المدين أو نائبه أو أي شخص آخر له مصلحة في الوفاء؛ ما لم يوجد نص نظامي بخلاف ذلك. ب- من لا مصلحة ,الصف يحمل عنوان ونص المادة الرسمية 259 (إزاحة +1),حرجة,استبدال العنوان والنص بالنص الرسمي للمادة 258
259,المادة الستون بعد المائتين,260,cmpwiegc402elnxff2hotmxe8,260,نعم,a1519,97bad5174e5b3dba,يُشترط لصحة الوفاء أن يكون الموفي مالكًا للشيء الذي وفى به. لا يصح الوفاء من عديم الأهلية، أما الوفاء من ناقص الأهلية بش,الصف يحمل عنوان ونص المادة الرسمية 260 (إزاحة +1),حرجة,استبدال العنوان والنص بالنص الرسمي للمادة 259
260,المادة الحادية والستون بعد المائتين,261,cmpwiegob02ennxffqtafnrfy,261,نعم,a1520,8eee24d6efc7758e,من وفى دين غيره ولم يكن متبرعًا كان له الرجوع على المدين بقدر ما دفعه، ما لم يكن الوفاء بغير إذن المدين وأثبت أن له أيَّ,الصف يحمل عنوان ونص المادة الرسمية 261 (إزاحة +1),حرجة,استبدال العنوان والنص بالنص الرسمي للمادة 260
261,المادة الثانية والستون بعد المائتين,262,cmpwieh0g02epnxffjvyusouz,262,نعم,a1521,e50224af56d566bd,من وفى دين غيره حل محل الدائن الذي استوفى حقه في الحالات الآتية: ‌أ- إذا كان الموفي ملزمًا بالدين مع المدين أو ملزمًا بو,الصف يحمل عنوان ونص المادة الرسمية 262 (إزاحة +1),حرجة,استبدال العنوان والنص بالنص الرسمي للمادة 261
262,المادة الثالثة والستون بعد المائتين,263,cmpwiehcm02ernxff4q6osy4y,263,نعم,a1522,86faf61c7c23aeb7,إذا حلَّ الموفي محلَّ الدائن كان للموفي حقُّ الدائن بما لهذا الحق من صفات وما يلحقه من توابع وما يكفله من ضمانات وما يرد,الصف يحمل عنوان ونص المادة الرسمية 263 (إزاحة +1),حرجة,استبدال العنوان والنص بالنص الرسمي للمادة 262
263,المادة الرابعة والستون بعد المائتين,264,cmpwiehot02etnxffwry96eu9,264,نعم,a1523,5e47b2a908e364b5,إذا وفى المدين في مرض موته بعض دائنيه ولم تف تركته بديون الباقين؛ فلهم الرجوع على من استوفوا ديونهم ومشاركتهم فيما أخذوا,الصف يحمل عنوان ونص المادة الرسمية 264 (إزاحة +1),حرجة,استبدال العنوان والنص بالنص الرسمي للمادة 263
264,المادة الخامسة والستون بعد المائتين,265,cmpwiei0z02evnxffxvqyxwrt,265,نعم,a1524,67c6f6eee3073f8e,يكون الوفاء للدائن أو لنائبه، ويعد ذا صفة في استيفاء الدين من يقدم للمدين سندًا بمخالصة صادرة من الدائن؛ ما لم يتفق على ,الصف يحمل عنوان ونص المادة الرسمية 265 (إزاحة +1),حرجة,استبدال العنوان والنص بالنص الرسمي للمادة 264
265,المادة السادسة والستون بعد المائتين,266,cmpwieid502exnxff9cdmszuw,266,نعم,a1525,2a954eb04076b945,إذا رفض الدائن دون مسوغٍ الوفاء المعروض عليه عرضًا صحيحًا، أو لم يقم بالأعمال التي لا يتم الوفاء بدونها، أو أَعلَم المدي,الصف يحمل عنوان ونص المادة الرسمية 266 (إزاحة +1),حرجة,استبدال العنوان والنص بالنص الرسمي للمادة 265
266,المادة السابعة والستون بعد المائتين,267,cmpwieipb02eznxffvaz6vuod,267,نعم,a1526,4abaace0bcdf2126,إذا أُعذِر الدائن تحمل تبعة هلاك الشيء أو تلفه وأصبح للمدين الحق في إيداع الشيء على نفقة الدائن والمطالبة بالتعويض عن ال,الصف يحمل عنوان ونص المادة الرسمية 267 (إزاحة +1),حرجة,استبدال العنوان والنص بالنص الرسمي للمادة 266
267,المادة الثامنة والستون بعد المائتين,268,cmpwiej1h02f1nxffn3nby4lo,268,نعم,a1527,790d7431799afd35,لا يكون العرض صحيحًا إلا إذا كان لكامل الدين المستحق ونفقاته بحسب ما يقتضيه العقد أو نوع الدين. يجوز العرض أثناء المرافع,الصف يحمل عنوان ونص المادة الرسمية 268 (إزاحة +1),حرجة,استبدال العنوان والنص بالنص الرسمي للمادة 267
268,المادة التاسعة والستون بعد المائتين,269,cmpwiejdo02f3nxffzoyf97fr,269,نعم,a1528,f13abca3b4de61e2,إذا كان محل الوفاء شيئًا يسرع إليه الفساد، أو يكلف إيداعه أو حراسته نفقاتٍ باهظة؛ جاز للمدين -بعد إذن المحكمة، أو دون إذ,الصف يحمل عنوان ونص المادة الرسمية 269 (إزاحة +1),حرجة,استبدال العنوان والنص بالنص الرسمي للمادة 268
269,المادة السبعون بعد المائتين,270,cmpwiejpv02f5nxffcmwpfjj4,270,نعم,a1529,12ee926ab2ae3cf4,يُكتفى بالإيداع أو ما يقوم مقامه دون حاجة للعرض في الحالات الآتية: أ- إذا كان المدين يجهل شخص الدائن أو موطنه. ب- إذا كا,الصف يحمل عنوان ونص المادة الرسمية 270 (إزاحة +1),حرجة,استبدال العنوان والنص بالنص الرسمي للمادة 269
270,المادة الحادية والسبعون بعد المائتين,271,cmpwiek2002f7nxff12z39w1d,271,نعم,a1530,74c12c9139105d0a,إذا تم العرض وأُتبع بالإيداع على الوجه الصحيح قام العرض مقام الوفاء وترتبت عليه جميع آثاره من وقت العرض، وليس للمدين الر,الصف يحمل عنوان ونص المادة الرسمية 271 (إزاحة +1),حرجة,استبدال العنوان والنص بالنص الرسمي للمادة 270
271,المادة الثانية والسبعون بعد المائتين,272,cmpwieke702f9nxffhekotgo7,272,نعم,a1531,96a4f3452390def9,يكون الوفاء بالشيء المستحق أصلًا، فلا يُجبَر الدائن على قبول غيره ولو كان أعلى قيمة.,الصف يحمل عنوان ونص المادة الرسمية 272 (إزاحة +1),حرجة,استبدال العنوان والنص بالنص الرسمي للمادة 271
272,المادة الثالثة والسبعون بعد المائتين,273,cmpwiekwe02fbnxff8mjb8hos,273,نعم,a1532,c49d149f2db62f3b,ليس للمدين أن يجبر الدائن على قبول وفاءٍ جزئيٍّ لدينٍ واحدٍ؛ ما لم تقتض النصوص النظامية أو الاتفاق خلاف ذلك. إذا كان الد,الصف يحمل عنوان ونص المادة الرسمية 273 (إزاحة +1),حرجة,استبدال العنوان والنص بالنص الرسمي للمادة 272
273,المادة الرابعة والسبعون بعد المائتين,274,cmpwiel8k02fdnxffhg9nzb9f,274,نعم,a1533,d6422a18bdb2cec4,إذا تعددت الديون في ذمة المدين، وكانت من نوعٍ واحدٍ ولدائنٍ واحدٍ، وكان ما أداه المدين لا يفي بهذه الديون جميعًا؛ فالقول,الصف يحمل عنوان ونص المادة الرسمية 274 (إزاحة +1),حرجة,استبدال العنوان والنص بالنص الرسمي للمادة 273
274,المادة الخامسة والسبعون بعد المائتين,275,cmpwielkq02ffnxffhyvq8p5x,275,نعم,a1534,eebed3b01279068d,يجب أن يتمَّ الوفاء فورًا بمجرد ترتب الالتزام في ذمة المدين؛ ما لم يوجد اتفاق أو نص نظامي بخلاف ذلك. فيما لم يرد فيه نصّ,الصف يحمل عنوان ونص المادة الرسمية 275 (إزاحة +1),حرجة,استبدال العنوان والنص بالنص الرسمي للمادة 274
275,المادة السادسة والسبعون بعد المائتين,276,cmpwielww02fhnxffndbmemxs,276,نعم,a1535,31636c3e796cee7d,إذا كان الالتزام مؤجلًا ولم يحدد أجل الوفاء به، حددته المحكمة -بناءً على طلب الدائن أو المدين- بحسب العرف وطبيعة المعامل,الصف يحمل عنوان ونص المادة الرسمية 276 (إزاحة +1),حرجة,استبدال العنوان والنص بالنص الرسمي للمادة 275
276,المادة السابعة والسبعون بعد المائتين,277,cmpwiem9402fjnxfflxxxun7j,277,نعم,a1536,99d82195b4af1639,يكون مكان الوفاء عند عدم تعيينه بالاتفاق أو بنصٍّ نظامي على النحو الآتي: أ- إذا كان الالتزام تعاقديًّا، ففي مكان نشوء ال,الصف يحمل عنوان ونص المادة الرسمية 277 (إزاحة +1),حرجة,استبدال العنوان والنص بالنص الرسمي للمادة 276
277,المادة الثامنة والسبعون بعد المائتين,278,cmpwiemn402flnxff40r7fp7d,278,نعم,a1537,1a422fb6872aa916,تكون نفقات الوفاء على المدين؛ ما لم يوجد نص نظامي أو اتفاق على خلاف ذلك.,الصف يحمل عنوان ونص المادة الرسمية 278 (إزاحة +1),حرجة,استبدال العنوان والنص بالنص الرسمي للمادة 277
278,المادة التاسعة والسبعون بعد المائتين,279,cmpwiemza02fnnxffsj27jhrf,279,نعم,a1538,ee8c1d4446719305,لمن يقوم بوفاء الدين أو جزء منه أن يطلب سندًا بما وفاه، فإذا رفض الدائن ذلك كان للمدين أو لذي المصلحة إيداع الدين لدى ال,الصف يحمل عنوان ونص المادة الرسمية 279 (إزاحة +1),حرجة,استبدال العنوان والنص بالنص الرسمي للمادة 278
279,المادة الثمانون بعد المائتين,280,cmpwienbg02fpnxff9gylt06q,280,نعم,a1539,6682e5378037caa9,يصح وفاء الدين ببديلٍ يتفق عليه الطرفان. تسري على الوفاء البديل أحكام العقد الذي يناسبه بحسب الأحوال، وأحكام الوفاء في ق,الصف يحمل عنوان ونص المادة الرسمية 280 (إزاحة +1),حرجة,استبدال العنوان والنص بالنص الرسمي للمادة 279
280,المادة الحادية والثمانون بعد المائتين,281,cmpwiennn02frnxffu9kgv60s,281,نعم,a1540,f7defff0ce4ff5fc,للمدين المقاصة بين ما هو مستحق الأداء عليه لدائنه وما هو مستحق الأداء له تجاه هذا الدائن ولو اختلف سبب الدينين، إذا كان ,الصف يحمل عنوان ونص المادة الرسمية 281 (إزاحة +1),حرجة,استبدال العنوان والنص بالنص الرسمي للمادة 280
281,المادة الثانية والثمانون بعد المائتين,282,cmpwienzt02ftnxffxkdp9nv1,282,نعم,a1541,3afedf01fbdf4575,لا تقع المقاصة إلا إذا تمسك بها من له مصلحة فيها، ولا يصح النزول عنها قبل ثبوت الحق فيها.,الصف يحمل عنوان ونص المادة الرسمية 282 (إزاحة +1),حرجة,استبدال العنوان والنص بالنص الرسمي للمادة 281
282,المادة الثالثة والثمانون بعد المائتين,283,cmpwieoc002fvnxffmjewyc57,283,نعم,a1542,4e474012795176a7,يجوز للمدين أن يتمسك بالمقاصة ولو اختلف مكان الوفاء في الدينين. ويجب عليه في هذه الحال أن يعوض الدائن عما لحقه من ضرر لع,الصف يحمل عنوان ونص المادة الرسمية 283 (إزاحة +1),حرجة,استبدال العنوان والنص بالنص الرسمي للمادة 282
283,المادة الرابعة والثمانون بعد المائتين,284,cmpwieoo602fxnxff61e8kzct,284,نعم,a1543,6fb88d700223144e,يترتب على المقاصة انقضاء الدينين بمقدار الأقل منهما منذ الوقت الذي يصبحان فيه صالحين للمقاصة.,الصف يحمل عنوان ونص المادة الرسمية 284 (إزاحة +1),حرجة,استبدال العنوان والنص بالنص الرسمي للمادة 283
284,المادة الخامسة والثمانون بعد المائتين,285,cmpwiep0c02fznxffcmizhg8b,285,نعم,a1544,e7f0a6417f2eff13,إذا تخلف أحد الشروط الواردة في المادة (الحادية والثمانين بعد المائتين) من هذا النظام لم تقع المقاصة إلا باتفاق الطرفين.,الصف يحمل عنوان ونص المادة الرسمية 285 (إزاحة +1),حرجة,استبدال العنوان والنص بالنص الرسمي للمادة 284
285,المادة السادسة والثمانون بعد المائتين,286,cmpwiepci02g1nxff393hy0jk,286,نعم,a1545,38e1b7b525ed501b,لا يجوز أن تقع المقاصَّة إضرارًا بحقوقٍ كسبها الغير.,الصف يحمل عنوان ونص المادة الرسمية 286 (إزاحة +1),حرجة,استبدال العنوان والنص بالنص الرسمي للمادة 285
286,المادة السابعة والثمانون بعد المائتين,287,cmpwiepon02g3nxffjjdueozf,287,نعم,a1546,0fe139183fb98c9e,إذا كان للمودع لديه دينٌ على المودع أو كان للمستعير دين على المعير، فلا تقع المقاصة بين الدين والوديعة أو بين الدين والش,الصف يحمل عنوان ونص المادة الرسمية 287 (إزاحة +1),حرجة,استبدال العنوان والنص بالنص الرسمي للمادة 286
287,المادة الثامنة والثمانون بعد المائتين,288,cmpwieq0x02g5nxff891dp0bt,288,نعم,a1547,58b35208ff87e455,إذا كان أحد الدينين لا تُسمع فيه الدعوى لمرور الزمن وقت التمسك بالمقاصة فإن ذلك لا يمنع من وقوعها ما دامت شروطها قد اكتم,الصف يحمل عنوان ونص المادة الرسمية 288 (إزاحة +1),حرجة,استبدال العنوان والنص بالنص الرسمي للمادة 287
288,المادة التاسعة والثمانون بعد المائتين,289,cmpwieqd402g7nxffeqqatd1m,289,نعم,a1548,43f5aad2756f813f,إذا أدى المدين دينًا عليه وكان له أن يقاص فيه بحق له لم يجز أن يتمسك بضمانات هذا الحق بما يضر بالغير إلا إذا كان يجهل وج,الصف يحمل عنوان ونص المادة الرسمية 289 (إزاحة +1),حرجة,استبدال العنوان والنص بالنص الرسمي للمادة 288
289,المادة التسعون بعد المائتين,290,cmpwieqpb02g9nxffkc4ua8ql,290,نعم,a1549,9e3adc196f5f6a80,إذا اجتمع في شخص واحد صفتا الدائن والمدين في دينٍ واحدٍ، انقضى هذا الدين بالقدر الذي اتحدت فيه الذمة. إذا كان الدائن وار,الصف يحمل عنوان ونص المادة الرسمية 290 (إزاحة +1),حرجة,استبدال العنوان والنص بالنص الرسمي للمادة 289
290,المادة الحادية والتسعون بعد المائتين,291,cmpwier1j02gbnxffjwbox07g,291,نعم,a1550,bf801d7e766b2f59,إذا زال سبب اجتماع صفتي الدائن والمدين وكان لزواله أثر رجعي، عاد الدين إلى ما كان عليه. الفصل الثالث: انقضاء الالتزام دو,الصف يحمل عنوان ونص المادة الرسمية 291 (إزاحة +1),حرجة,استبدال العنوان والنص بالنص الرسمي للمادة 290
291,المادة الثانية والتسعون بعد المائتين,292,cmpwierdp02gdnxff2vtswhlk,292,نعم,a1551,f7da414abe012780,ينقضي التزام المدين إذا أبرأه الدائن، ولا يتوقف الإبراء على قبول المدين، ولكن إذا رده المدين عاد الدين إلى ما كان عليه. ,الصف يحمل عنوان ونص المادة الرسمية 292 (إزاحة +1),حرجة,استبدال العنوان والنص بالنص الرسمي للمادة 291
292,المادة الثالثة والتسعون بعد المائتين,293,cmpwierpv02gfnxffs951n5z3,293,نعم,a1552,e233753bccbafc25,تسري على الإبراء الأحكام الموضوعية للتبرعات، ولا يُشترط فيه شكل خاص. الفرع الثاني: استحالة التنفيذ,الصف يحمل عنوان ونص المادة الرسمية 293 (إزاحة +1),حرجة,استبدال العنوان والنص بالنص الرسمي للمادة 292
293,المادة الرابعة والتسعون بعد المائتين,294,cmpwies2102ghnxffl6kf783v,294,نعم,a1553,919cb58c1828f5ab,ينقضي التزام المدين إذا أثبت استحالة التنفيذ عليه بسبب لا يد له فيه، وينقضي كذلك الالتزام المقابل له إن وجد. الفرع الثال,الصف يحمل عنوان ونص المادة الرسمية 294 (إزاحة +1),حرجة,استبدال العنوان والنص بالنص الرسمي للمادة 293
294,المادة الخامسة والتسعون بعد المائتين,295,cmpwiese702gjnxffmfzv3sd6,295,نعم,a1554,24eae96b4543e3c5,لا ينقضي الحق بمرور الزمن، ولكن لا تُسمع الدعوى به على المنكر بانقضاء (عشر) سنوات فيما عدا الحالات التي ورد فيها نص نظام,الصف يحمل عنوان ونص المادة الرسمية 295 (إزاحة +1),حرجة,استبدال العنوان والنص بالنص الرسمي للمادة 294
295,المادة السادسة والتسعون بعد المائتين,296,cmpwiesqd02glnxfffsh59319,296,نعم,a1555,40af9ab5b02c402d,دون إخلال بالنصوص النظامية، لا تُسمع الدعوى على المنكر بانقضاء (خمس) سنوات في الحقوق الآتية: أ- حقوق أصحاب المهن الحرة، ,الصف يحمل عنوان ونص المادة الرسمية 296 (إزاحة +1),حرجة,استبدال العنوان والنص بالنص الرسمي للمادة 295
296,المادة السابعة والتسعون بعد المائتين,297,cmpwiet2k02gnnxffp92qq4cq,297,نعم,a1556,78065ffe70e9a2c1,دون إخلال بالنصوص النظامية، لا تُسمع الدعوى على المنكر بانقضاء (سنة) في الحقوق الآتية: أ- حقوق التّجار عن السلع والخدمات,الصف يحمل عنوان ونص المادة الرسمية 297 (إزاحة +1),حرجة,استبدال العنوان والنص بالنص الرسمي للمادة 296
297,المادة الثامنة والتسعون بعد المائتين,298,cmpwieteq02gpnxffugud491u,298,نعم,a1557,2fa21ff057a36535,لا تُسمع الدعوى في الحقوق الواردة في الفقرة (أ) من المادة (السادسة والتسعين بعد المائتين) من هذا النظام والحقوق الواردة ,الصف يحمل عنوان ونص المادة الرسمية 298 (إزاحة +1),حرجة,استبدال العنوان والنص بالنص الرسمي للمادة 297
298,المادة التاسعة والتسعون بعد المائتين,299,cmpwietqw02grnxffab5es503,299,نعم,a1558,c313c25fb31962f2,يبدأ سريان المدة المقررة لعدم سماع الدعوى لمرور الزمن -فيما لم يرد فيه نص نظامي- من اليوم الذي يكون فيه الحق مستحق الأدا,الصف يحمل عنوان ونص المادة الرسمية 299 (إزاحة +1),حرجة,استبدال العنوان والنص بالنص الرسمي للمادة 298
299,المادة الثلاثمائة,300,cmpwieu3202gtnxffzjd9lmec,300,نعم,a1559,18359a53354d5552,يقف سريان مدة عدم سماع الدعوى كلما وُجد عذرٌ تتعذر معه المطالبة بالحق. يعدُّ من الأعذار التي يقف بها سريان مدة عدم سماع ,الصف يحمل عنوان ونص المادة الرسمية 300 (إزاحة +1),حرجة,استبدال العنوان والنص بالنص الرسمي للمادة 299
300,المادة الأولى بعد الثلاثمائة,301,cmpwieuf902gvnxffl9s2ps9g,301,نعم,a1560,5dfaf36f0c15c116,إذا تعدد الدائنون بدينٍ واحدٍ ولم يطالب أي منهم بالحق فإن عدم سماع الدعوى لا يسري إلا على من ليس له عذر منهم.,الصف يحمل عنوان ونص المادة الرسمية 301 (إزاحة +1),حرجة,استبدال العنوان والنص بالنص الرسمي للمادة 300
301,المادة الثانية بعد الثلاثمائة,302,cmpwieurf02gxnxff5s88m9tr,302,نعم,a1561,cca2c21f485db7f5,تنقطع مدة عدم سماع الدعوى في الحالات الآتية: أ- إقرار المدين بالحق صراحةً أو ضمنًا. ب- المطالبة القضائية، ولو كانت أمام ,الصف يحمل عنوان ونص المادة الرسمية 302 (إزاحة +1),حرجة,استبدال العنوان والنص بالنص الرسمي للمادة 301
302,المادة الثالثة بعد الثلاثمائة,303,cmpwiev3m02gznxffmr96cdhk,303,نعم,a1562,31c3256e3b8d104b,إذا انتقل الحق من شخص إلى خلفه فلا تنقطع المدة المقررة لعدم سماع الدعوى.,الصف يحمل عنوان ونص المادة الرسمية 303 (إزاحة +1),حرجة,استبدال العنوان والنص بالنص الرسمي للمادة 302
303,المادة الرابعة بعد الثلاثمائة,304,cmpwievft02h1nxffjtj2n88o,304,نعم,a1563,705d66736b07b4e2,إذا انقطعت مدة عدم سماع الدعوى بدأت مدةٌ جديدةٌ مماثلة للمدة الأولى من انتهاء الأثر المترتب على سبب الانقطاع. إذا صدر حك,الصف يحمل عنوان ونص المادة الرسمية 304 (إزاحة +1),حرجة,استبدال العنوان والنص بالنص الرسمي للمادة 303
304,المادة الخامسة بعد الثلاثمائة,305,cmpwievrz02h3nxff2sgzxfdx,305,نعم,a1564,c9b78d1735d615a9,لا يجوز الاتفاق على تقصير مدة عدم سماع الدعوى، ولا على إطالتها. لا يجوز أن يُسقط المدين حقه في التمسك بعدم سماع الدعوى ق,الصف يحمل عنوان ونص المادة الرسمية 305 (إزاحة +1),حرجة,استبدال العنوان والنص بالنص الرسمي للمادة 304
305,المادة السادسة بعد الثلاثمائة,306,cmpwiew4502h5nxffpg2sju0l,306,نعم,a1565,4e6bc47bfa97049e,لا تقضي المحكمة بعدم سماع الدعوى لمرور الزمن إلا بناءً على طلب المدين أو ذي مصلحة. القسم الثاني: العقود المسماة الباب ال,الصف يحمل عنوان ونص المادة الرسمية 306 (إزاحة +1),حرجة,استبدال العنوان والنص بالنص الرسمي للمادة 305
306,المادة السابعة بعد الثلاثمائة,307,cmpwiewgb02h7nxffogrjcyo0,307,نعم,a1566,3bd0a21bdc4e95dd,البيع عقد يُمَلِّكُ بمقتضاه البائع المبيع للمشتري مقابل ثمنٍ نقدي. الفرع الأول: المبيع والثمن,الصف يحمل عنوان ونص المادة الرسمية 307 (إزاحة +1),حرجة,استبدال العنوان والنص بالنص الرسمي للمادة 306
307,المادة الثامنة بعد الثلاثمائة,308,cmpwiewyj02h9nxffrswrue50,308,نعم,a1567,79a409d41ade9882,يجب أن يكون المبيع معلومًا للمشتري برؤيته أو ببيان صفاته المميزة له. إذا تضمّن عقد البيع أن المشتري عالمٌ بالمبيع فلا حق,الصف يحمل عنوان ونص المادة الرسمية 308 (إزاحة +1),حرجة,استبدال العنوان والنص بالنص الرسمي للمادة 307
308,المادة التاسعة بعد الثلاثمائة,309,cmpwiexao02hbnxff05se2v22,309,نعم,a1568,c76b39bc65a3f094,إذا كان البيع بالعيّنة وجَبَ أن يكون المبيع مطابقًا لها. إذا فُقدت العيّنة أو تلفت في يد أحد المتعاقدين ولو من غير خطأٍ ,الصف يحمل عنوان ونص المادة الرسمية 309 (إزاحة +1),حرجة,استبدال العنوان والنص بالنص الرسمي للمادة 308
309,المادة العاشرة بعد الثلاثمائة,310,cmpwiexmw02hdnxffwld8f354,310,نعم,a1569,d31789edea0fe837,يجوز البيع بشرط التجربة خلال مدة معينة، وإذا لم يعين المتبايعان المدة حملت على المدة المعتادة للتجربة، وعلى البائع تمكين,الصف يحمل عنوان ونص المادة الرسمية 310 (إزاحة +1),حرجة,استبدال العنوان والنص بالنص الرسمي للمادة 309
310,المادة الحادية عشرة بعد الثلاثمائة,311,cmpwiexz202hfnxffj2o4nxlt,311,نعم,a1570,9f9d1a2bff068a18,إذا أسقط المشتري حقه في الفسخ صراحةً أو ضمنًا، أو تجاوز في استعمال المبيع حدَّ التجربة، أو هلك المبيع أو تلف بفعل المشتر,الصف يحمل عنوان ونص المادة الرسمية 311 (إزاحة +1),حرجة,استبدال العنوان والنص بالنص الرسمي للمادة 310
311,المادة الثانية عشرة بعد الثلاثمائة,312,cmpwieyb802hhnxffumtgmfst,312,نعم,a1571,b94a7d2ac07f5dc3,إذا تبين من الاتفاق أو ظروف الحال أن البيع بشرط التجربة معلَّقٌ على قبول المشتري للمبيع؛ لم ينفُذ البيع إلا بقبوله.,الصف يحمل عنوان ونص المادة الرسمية 312 (إزاحة +1),حرجة,استبدال العنوان والنص بالنص الرسمي للمادة 311
312,المادة الثالثة عشرة بعد الثلاثمائة,313,cmpwieyne02hjnxffeyc3nezv,313,نعم,a1572,58581c73c424f2e2,يصح أن يقتصر تقدير الثمن على بيان أسس صالحة يتحدد بمقتضاها.,الصف يحمل عنوان ونص المادة الرسمية 313 (إزاحة +1),حرجة,استبدال العنوان والنص بالنص الرسمي للمادة 312
313,المادة الرابعة عشرة بعد الثلاثمائة,314,cmpwieyzp02hlnxffj31bor6h,314,نعم,a1573,a6106fa208eaa88a,إذا اتفق المتعاقدان على تحديد الثمن بسعر السوق اعتُبر سعر السوق في زمان البيع ومكانه، فإن لم يكن في مكان البيع سوقٌ اعتُ,الصف يحمل عنوان ونص المادة الرسمية 314 (إزاحة +1),حرجة,استبدال العنوان والنص بالنص الرسمي للمادة 313
314,المادة الخامسة عشرة بعد الثلاثمائة,315,cmpwiezbz02hnnxffz8cmls06,315,نعم,a1574,f8a8b1b8401b1b69,إذا لم يحدد المتعاقدان ثمنًا للمبيع فلا يترتب على ذلك بطلان البيع متى تبيَّن من الظروف توجه إرادتهما إلى سعر السوق أو ال,الصف يحمل عنوان ونص المادة الرسمية 315 (إزاحة +1),حرجة,استبدال العنوان والنص بالنص الرسمي للمادة 314
315,المادة السادسة عشرة بعد الثلاثمائة,316,cmpwiezo802hpnxffk64dd64e,316,نعم,a1575,a3dc3ae2d4bdc114,إذا حدد الثمن بناءً على رأس مال البائع في المبيع مرابحة أو وضيعة أو تولية، وجب عليه أن يبين كل ما له تأثير في رأس ماله، ,الصف يحمل عنوان ونص المادة الرسمية 316 (إزاحة +1),حرجة,استبدال العنوان والنص بالنص الرسمي للمادة 315
316,المادة السابعة عشرة بعد الثلاثمائة,317,cmpwif00e02hrnxffv1j3ufgi,317,نعم,a1576,18bd3493b5bd8f10,١- يُستحق الثمن في البيع معجلًا ما لم يُوجد اتفاق على أن يكون مؤجَّلًا أو مقسَّطًا لأجلٍ معلومٍ. 2- إذا كان الثمن مؤجلًا,الصف يحمل عنوان ونص المادة الرسمية 317 (إزاحة +1),حرجة,استبدال العنوان والنص بالنص الرسمي للمادة 316
317,المادة الثامنة عشرة بعد الثلاثمائة,318,cmpwif0ck02htnxff1strnv1b,318,نعم,a1577,4f64c26890149548,تنتقل ملكية المبيع إلى المشتري بانعقاد البيع، وذلك دون إخلال بأحكام المواد (الخامسة والخمسين بعد الستمائة) و(السادسة وال,الصف يحمل عنوان ونص المادة الرسمية 318 (إزاحة +1),حرجة,استبدال العنوان والنص بالنص الرسمي للمادة 317
318,المادة التاسعة عشرة بعد الثلاثمائة,319,cmpwif0oq02hvnxffavl2uqyk,319,نعم,a1578,37181f81c11a4f39,يلتزم البائع بأن يقوم بما هو ضروريٌّ من جانبه لنقل ملكية المبيع للمشتري وأن يمتنع عن أي عمل من شأنه جعل نقل الملكية مستح,الصف يحمل عنوان ونص المادة الرسمية 319 (إزاحة +1),حرجة,استبدال العنوان والنص بالنص الرسمي للمادة 318
319,المادة العشرون بعد الثلاثمائة,320,cmpwif10w02hxnxff90sgrv37,320,نعم,a1579,1a6a396cb8445e62,للبائع -إذا كان الثمن مؤجلًا أو مقسَّطًا- أن يشترط تعليق نقل الملكية للمشتري حتى يؤدي جميع الثمن ولو سُلِّم المبيع. إذا ,الصف يحمل عنوان ونص المادة الرسمية 320 (إزاحة +1),حرجة,استبدال العنوان والنص بالنص الرسمي للمادة 319
320,المادة الحادية والعشرون بعد الثلاثمائة,321,cmpwif1d202hznxff0oks89z3,321,نعم,a1580,aef96727c2e78642,يلتزم البائع بتسليم المبيع إلى المشتري بالحال التي كان عليها وقت البيع، وتكون نفقات تسليم المبيع على البائع، وذلك كله ما,الصف يحمل عنوان ونص المادة الرسمية 321 (إزاحة +1),حرجة,استبدال العنوان والنص بالنص الرسمي للمادة 320
321,المادة الثانية والعشرون بعد الثلاثمائة,322,cmpwif1p802i1nxffbd4p80pn,322,نعم,a1581,3e989c10624def8c,يشمل تسليم المبيع ملحقاته، وما اتصل به اتصال قرار، وما جرى العرف على أنه من توابع المبيع ولو لم يذكر في العقد.,الصف يحمل عنوان ونص المادة الرسمية 322 (إزاحة +1),حرجة,استبدال العنوان والنص بالنص الرسمي للمادة 321
322,المادة الثالثة والعشرون بعد الثلاثمائة,323,cmpwif21e02i3nxffcui3x46v,323,نعم,a1582,6eb4439ecb315205,إذا عين مقدار المبيع عند العقد فبان فيه نقصٌ أو زيادةٌ ولم يوجد اتفاقٌ؛ وجب اتباع الآتي: أ- إذا كان المبيع مما تضره التج,الصف يحمل عنوان ونص المادة الرسمية 323 (إزاحة +1),حرجة,استبدال العنوان والنص بالنص الرسمي للمادة 322
323,المادة الرابعة والعشرون بعد الثلاثمائة,324,cmpwif2dq02i5nxff2p9tmpdx,324,نعم,a1583,2cf20e8fd270346f,يكون تسليم المبيع بوضعه في حيازة المشتري، أو بأن يخلي البائع بين المبيع والمشتري بحيث يتمكن من حيازته والانتفاع به دون م,الصف يحمل عنوان ونص المادة الرسمية 324 (إزاحة +1),حرجة,استبدال العنوان والنص بالنص الرسمي للمادة 323
324,المادة الخامسة والعشرون بعد الثلاثمائة,325,cmpwif2pw02i7nxffx1qyawoq,325,نعم,a1584,7e74ce369747a942,إذا كان المبيع تحت يد المشتري قبل البيع بأي صفةٍ أو سببٍ عُدَّت هذه الحيازة تسليمًا؛ ما لم يتفق على خلاف ذلك.,الصف يحمل عنوان ونص المادة الرسمية 325 (إزاحة +1),حرجة,استبدال العنوان والنص بالنص الرسمي للمادة 324
325,المادة السادسة والعشرون بعد الثلاثمائة,326,cmpwif32202i9nxff5s7tf2xc,326,نعم,a1585,2935e05eae158c69,تُعدُّ الحالات الآتية تسليمًا للمبيع: أ- إذا اتفق المتبايعان على عدّ المشتري متسلمًا للمبيع في حالة معينة. ب- إذا عدّ نص,الصف يحمل عنوان ونص المادة الرسمية 326 (إزاحة +1),حرجة,استبدال العنوان والنص بالنص الرسمي للمادة 325
326,المادة السابعة والعشرون بعد الثلاثمائة,327,cmpwif3ea02ibnxffc7xb0ui9,327,نعم,a1586,004fc279e5459283,يُعدُّ المشتري متسلمًا للمبيع ويلزمه أداء الثمن إذا هلك المبيع أو تلف قبل التسليم بفعله، فإن كان للبائع الحق في العدول ع,الصف يحمل عنوان ونص المادة الرسمية 327 (إزاحة +1),حرجة,استبدال العنوان والنص بالنص الرسمي للمادة 326
327,المادة الثامنة والعشرون بعد الثلاثمائة,328,cmpwif3qh02idnxff2mugas0v,328,نعم,a1587,93119c6457ea1abe,إذا هلك المبيع أو جزء منه قبل التسليم بفعل البائع أو الغير؛ كان للمشتري طلب فسخ البيع، أو إمضاؤه والرجوع بالتعويض على ال,الصف يحمل عنوان ونص المادة الرسمية 328 (إزاحة +1),حرجة,استبدال العنوان والنص بالنص الرسمي للمادة 327
328,المادة التاسعة والعشرون بعد الثلاثمائة,329,cmpwif42o02ifnxffxo78nzye,329,نعم,a1588,8b360fe0e1521815,إذا هلك المبيع قبل التسليم بسببٍ لا يد لأحد المتبايعين أو الغير فيه انفسخ البيع واسترد المشتري الثمن. إذا كان الهلاك على,الصف يحمل عنوان ونص المادة الرسمية 329 (إزاحة +1),حرجة,استبدال العنوان والنص بالنص الرسمي للمادة 328
329,المادة الثلاثون بعد الثلاثمائة,330,cmpwif4ew02ihnxffajnxdemj,330,نعم,a1589,adedbb07a8cbcf94,يضمن البائع عدم تعرضه للمشتري في الانتفاع بالمبيع كله أو بعضه. يضمن البائع سلامة المبيع من أي حق للغير في المبيع كله أو ,الصف يحمل عنوان ونص المادة الرسمية 330 (إزاحة +1),حرجة,استبدال العنوان والنص بالنص الرسمي للمادة 329
330,المادة الحادية والثلاثون بعد الثلاثمائة,331,cmpwif4r202ijnxffzbdl5n4n,331,نعم,a1590,fd80736bc439e81d,ترفع دعوى استحقاق المبيع قبل تسلمه على البائع أو المشتري أو عليهما معًا. إذا رفعت على المشتري دعوى استحقاق المبيع فعليه ,الصف يحمل عنوان ونص المادة الرسمية 331 (إزاحة +1),حرجة,استبدال العنوان والنص بالنص الرسمي للمادة 330
331,المادة الثانية والثلاثون بعد الثلاثمائة,332,cmpwif53802ilnxffbwkpjoa2,332,نعم,a1591,8ebed28baabc43ed,يثبت حق المشتري في الضمان ولو أقرَّ للغير بالحق أو تصالح معه وهو حسن النية في الحالتين دون أن ينتظر صدور حكم قضائي متى ك,الصف يحمل عنوان ونص المادة الرسمية 332 (إزاحة +1),حرجة,استبدال العنوان والنص بالنص الرسمي للمادة 331
332,المادة الثالثة والثلاثون بعد الثلاثمائة,333,cmpwif5fe02innxff4ogema8b,333,نعم,a1592,0490c2976bbc3d8e,إذا تصالح المشتري مع مدعي الاستحقاق على مال قبل صدور حكم قضائي له، فللبائع أن يتخلص من نتائج الضمان بأن يرد للمشتري ما ي,الصف يحمل عنوان ونص المادة الرسمية 333 (إزاحة +1),حرجة,استبدال العنوان والنص بالنص الرسمي للمادة 332
333,المادة الرابعة والثلاثون بعد الثلاثمائة,334,cmpwif5rk02ipnxfftitltkt2,334,نعم,a1593,5e34a38b3db5b861,إذا استحق المبيع كله كان للمستحق إذا أجاز البيع الرجوع على البائع بالثمن، ويَخلُص المبيع للمشتري.,الصف يحمل عنوان ونص المادة الرسمية 334 (إزاحة +1),حرجة,استبدال العنوان والنص بالنص الرسمي للمادة 333
334,المادة الخامسة والثلاثون بعد الثلاثمائة,335,cmpwif63q02irnxffordkq8cg,335,نعم,a1594,58505da4e98518e6,إذا استحق المبيع كله ولم يجز المستحق البيع، فللمشتري أن يطلب من البائع الآتي: أ- ثمن المبيع. ب- قيمة الثمار التي أُلزِمَ,الصف يحمل عنوان ونص المادة الرسمية 335 (إزاحة +1),حرجة,استبدال العنوان والنص بالنص الرسمي للمادة 334
335,المادة السادسة والثلاثون بعد الثلاثمائة,336,cmpwif6g302itnxff9djrc29p,336,نعم,a1595,42ce4cd833a5e9e6,إذا استُحق بعض المبيع وأحدث الاستحقاق عيبًا في الباقي كان للمشتري طلب الفسخ، فإن اختار إمساك المبيع أو لم يحدث الاستحقاق,الصف يحمل عنوان ونص المادة الرسمية 336 (إزاحة +1),حرجة,استبدال العنوان والنص بالنص الرسمي للمادة 335
336,المادة السابعة والثلاثون بعد الثلاثمائة,337,cmpwif6s902ivnxffp56kvusq,337,نعم,a1596,141f2717260fd5fe,يصحُّ الاتفاق على إعفاء البائع من ضمان الاستحقاق أو الحد من هذا الضمان أو زيادته، عدا ما يكون منه ناشئًا عن فعل البائع أ,الصف يحمل عنوان ونص المادة الرسمية 337 (إزاحة +1),حرجة,استبدال العنوان والنص بالنص الرسمي للمادة 336
337,المادة الثامنة والثلاثون بعد الثلاثمائة,338,cmpwif74g02ixnxffk3jm3hh2,338,نعم,a1597,12753418bec6ab39,يضمن البائع عند تسليم المبيع سلامته من أي عيبٍ ينقص من قيمته أو من نفعه بحسب الغاية المقصودة منه، والمستفادة مما هو مبين,الصف يحمل عنوان ونص المادة الرسمية 338 (إزاحة +1),حرجة,استبدال العنوان والنص بالنص الرسمي للمادة 337
338,المادة التاسعة والثلاثون بعد الثلاثمائة,339,cmpwif7gm02iznxffp0e1hlll,339,نعم,a1598,efcea3a50286daa9,لا يضمن البائع العيب في الحالات الآتية: أ- إذا كان المشتري يعلم بالعيب وقت البيع، أو كان يستطيع أن يتبيّنه بنفسه لو فحص ,الصف يحمل عنوان ونص المادة الرسمية 339 (إزاحة +1),حرجة,استبدال العنوان والنص بالنص الرسمي للمادة 338
339,المادة الأربعون بعد الثلاثمائة,340,cmpwif7st02j1nxffhhc3vv7d,340,نعم,a1599,9ad3fbcf83088c82,إذا تسلّم المشتري المبيع فعليه التحقق من حالته بمجرد أن يتمكّن من ذلك وفقًا للمألوف في التعامل، فإذا كشف عيبًا يضمنه الب,الصف يحمل عنوان ونص المادة الرسمية 340 (إزاحة +1),حرجة,استبدال العنوان والنص بالنص الرسمي للمادة 339
340,المادة الحادية والأربعون بعد الثلاثمائة,341,cmpwif84z02j3nxff9qiez7g1,341,نعم,a1600,c1099452d7f161e7,إذا رضي المشتري بالعيب صراحةً أو ضمنًا سقط حقه في الفسخ وفي الرجوع بفرق الثمن. يسقط حقّ المشتري في الفسخ، وله الرجوع بفر,الصف يحمل عنوان ونص المادة الرسمية 341 (إزاحة +1),حرجة,استبدال العنوان والنص بالنص الرسمي للمادة 340
341,المادة الثانية والأربعون بعد الثلاثمائة,342,cmpwif8n602j5nxffaafgjirj,342,نعم,a1601,c37b10cbed87f257,إذا بيعت أشياء متعددةٌ صفقةً واحدةً، وظهر في بعضها عيب، وليس في تجزئتها ضررٌ؛ فللمشتري طلب فسخ البيع في الجزء المعيب أو ,الصف يحمل عنوان ونص المادة الرسمية 342 (إزاحة +1),حرجة,استبدال العنوان والنص بالنص الرسمي للمادة 341
342,المادة الثالثة والأربعون بعد الثلاثمائة,343,cmpwif8zc02j7nxfffw1i1lym,343,نعم,a1602,7e791518f771e3df,يصحُّ الاتفاق على إعفاء البائع من ضمان العيب أو الحد من هذا الضمان أو زيادته ما لم يكن البائع قد تعمد إخفاءه.,الصف يحمل عنوان ونص المادة الرسمية 343 (إزاحة +1),حرجة,استبدال العنوان والنص بالنص الرسمي للمادة 342
343,المادة الرابعة والأربعون بعد الثلاثمائة,344,cmpwif9bj02j9nxffcprj7tko,344,نعم,a1603,604507b719b9adf1,لا تُسمع دعوى ضمان العيب بانقضاء (مائةٍ وثمانين) يومًا من تاريخ تسليم المبيع؛ ما لم يلتزم البائع بالضمان مدة أطول. ليس ل,الصف يحمل عنوان ونص المادة الرسمية 344 (إزاحة +1),حرجة,استبدال العنوان والنص بالنص الرسمي للمادة 343
344,المادة الخامسة والأربعون بعد الثلاثمائة,345,cmpwif9no02jbnxffgmuxtitm,345,نعم,a1604,29ae2bdadcc045c2,يلزم المشتري أداء الثمن قبل تسلُّم المبيع؛ ما لم يتفق على خلاف ذلك.,الصف يحمل عنوان ونص المادة الرسمية 345 (إزاحة +1),حرجة,استبدال العنوان والنص بالنص الرسمي للمادة 344
345,المادة السادسة والأربعون بعد الثلاثمائة,346,cmpwif9zv02jdnxff7k7jsehz,346,نعم,a1605,f6887a35c099b680,للبائع أن يحبس المبيع حتى يستوفي ما هو مستحق له من الثمن ولو قدم المشتري رهنًا أو كفالةً. وإذا هلك المبيع أو تلف في يد ا,الصف يحمل عنوان ونص المادة الرسمية 346 (إزاحة +1),حرجة,استبدال العنوان والنص بالنص الرسمي للمادة 345
346,المادة السابعة والأربعون بعد الثلاثمائة,347,cmpwifac802jfnxff193lavtv,347,نعم,a1606,fa53ffd2a9a26bec,إذا تسلّم المشتري المبيع قبل أداء الثمن الحال على علم من البائع ولم يمنعه كان ذلك إذنًا بالتسلم. إذا تسلّم المشتري المبي,الصف يحمل عنوان ونص المادة الرسمية 347 (إزاحة +1),حرجة,استبدال العنوان والنص بالنص الرسمي للمادة 346
347,المادة الثامنة والأربعون بعد الثلاثمائة,348,cmpwifaoe02jhnxffnni95gvb,348,نعم,a1607,6c97af4133c1d26e,يلتزم المشتري بأداء الثمن الذي استحق وفاؤه وقت تسليم المبيع في مكان التسليم، وإذا لم يكن الثمن مستحق الوفاء وقت تسليم ال,الصف يحمل عنوان ونص المادة الرسمية 348 (إزاحة +1),حرجة,استبدال العنوان والنص بالنص الرسمي للمادة 347
348,المادة التاسعة والأربعون بعد الثلاثمائة,349,cmpwifb0k02jjnxffdfu1l37p,349,نعم,a1608,b323f2ce58750f63,إذا رفعت على المشتري دعوى استحقاق المبيع مستندةً إلى حقٍّ سابقٍ على البيع أو آيلٍ إلى مدعي الاستحقاق من البائع؛ جاز للمش,الصف يحمل عنوان ونص المادة الرسمية 349 (إزاحة +1),حرجة,استبدال العنوان والنص بالنص الرسمي للمادة 348
349,المادة الخمسون بعد الثلاثمائة,350,cmpwifbcs02jlnxffc32bncm1,350,نعم,a1609,4d44e1013cf68fa7,إذا حُدد في البيع موعدٌ معيَّنٌ، واشترط البائع أنه إذا لم يؤد المشتري الثمن في الموعد فلا بيع بينهما، ولم يؤده؛ عُدَّ ال,الصف يحمل عنوان ونص المادة الرسمية 350 (إزاحة +1),حرجة,استبدال العنوان والنص بالنص الرسمي للمادة 349
350,المادة الحادية والخمسون بعد الثلاثمائة,351,cmpwifboy02jnnxffektxgbdm,351,نعم,a1610,b9520b0103d46212,يلتزم المشتري بتسلم المبيع في المكان الذي يوجد فيه المبيع وقت البيع، ونقله دون إبطاء، إلا ما يقتضيه النقل من زمن، وذلك ك,الصف يحمل عنوان ونص المادة الرسمية 351 (إزاحة +1),حرجة,استبدال العنوان والنص بالنص الرسمي للمادة 350
351,المادة الثانية والخمسون بعد الثلاثمائة,352,cmpwifc1402jpnxffrk6z6xq4,352,نعم,a1611,b40d46795dc1d3fc,تكون نفقات الوفاء بالثمن وتسلم المبيع وعقد البيع وتسجيله على المشتري، وذلك كله ما لم يتفق على خلافه. الفرع الثالث: البيع,الصف يحمل عنوان ونص المادة الرسمية 352 (إزاحة +1),حرجة,استبدال العنوان والنص بالنص الرسمي للمادة 351
352,المادة الثالثة والخمسون بعد الثلاثمائة,353,cmpwifcda02jrnxffhg21pomw,353,نعم,a1612,0027ff74f344d110,مرض الموت هو المرض الذي يعجز فيه الإنسان عن متابعة أعماله المعتادة، ويغلب فيه الهلاك ويتصل به الموت. يُعد في حكم مرض الم,الصف يحمل عنوان ونص المادة الرسمية 353 (إزاحة +1),حرجة,استبدال العنوان والنص بالنص الرسمي للمادة 352
353,المادة الرابعة والخمسون بعد الثلاثمائة,354,cmpwifcv602jtnxffm06qn1uz,354,نعم,a1613,6f3e01354fb61371,بيع المريض مرض الموت لوارثٍ وشراؤه منه بمحاباةٍ لا ينفذ في قدر المحاباة في حق باقي الورثة إلا بإجازتهم. بيع المريض مرض ا,الصف يحمل عنوان ونص المادة الرسمية 354 (إزاحة +1),حرجة,استبدال العنوان والنص بالنص الرسمي للمادة 353
354,المادة الخامسة والخمسون بعد الثلاثمائة,355,cmpwifd6802jvnxffdee9unsi,355,نعم,a1614,d451d108309eac9d,لا يحتج بعدم نفاذ بيع المريض مرض الموت إذا تصرف المشتري في المبيع تصرفًا أكسب من كان حسن النية حقًّا عينيًّا في المبيع م,الصف يحمل عنوان ونص المادة الرسمية 355 (إزاحة +1),حرجة,استبدال العنوان والنص بالنص الرسمي للمادة 354
355,المادة السادسة والخمسون بعد الثلاثمائة,356,cmpwifdhb02jxnxff4yrugz7a,356,نعم,a1615,e15ffdc4ba5adf98,مع مراعاة النصوص النظامية؛ ليس للنائب أن يشتري لنفسه باسمه أو اسم غيره ولو بطريق المزاد ما عهد إليه بيعه بمقتضى نيابته م,الصف يحمل عنوان ونص المادة الرسمية 356 (إزاحة +1),حرجة,استبدال العنوان والنص بالنص الرسمي للمادة 355
356,المادة السابعة والخمسون بعد الثلاثمائة,357,cmpwifdsc02jznxffsxfqf1ck,357,نعم,a1616,f87d9c32ac054c90,إذا تمَّ البيع في الأحوال المنصوص عليها في المادة (السادسة والخمسين بعد الثلاثمائة) من هذا النظام، لم ينفذ في حق من تم ل,الصف يحمل عنوان ونص المادة الرسمية 357 (إزاحة +1),حرجة,استبدال العنوان والنص بالنص الرسمي للمادة 356
357,المادة الثامنة والخمسون بعد الثلاثمائة,358,cmpwife3g02k1nxff6iihcsby,358,نعم,a1617,362c2c07f7d4ab09,لا يجوز للقاضي، ولا لعضو النيابة العامة ومن في حكمه، ولا لموظف المحكمة، أن يشتري لنفسه باسمه أو باسم غيره الحق المتنازع ,الصف يحمل عنوان ونص المادة الرسمية 358 (إزاحة +1),حرجة,استبدال العنوان والنص بالنص الرسمي للمادة 357
358,المادة التاسعة والخمسون بعد الثلاثمائة,359,cmpwifeei02k3nxff7etkw3cd,359,نعم,a1618,20328703f0a0a13f,إذا باع شخص بلا إذن شيئًا معينًا بالذات وهو لا يملكه؛ فلا ينفذ هذا البيع في حق المالك، وإذا أجازه نفذ في حقه، دون إخلال ,الصف يحمل عنوان ونص المادة الرسمية 359 (إزاحة +1),حرجة,استبدال العنوان والنص بالنص الرسمي للمادة 358
359,المادة الستون بعد الثلاثمائة,360,cmpwifepl02k5nxff8se24025,360,نعم,a1619,02da3152a26fc5f1,إذا كان المشتري يجهل أن المبيع غير مملوكٍ للبائع، وحكم بإبطال البيع، فللمشتري أن يُطالب بالتَّعويض ولو كان البائع حسن ال,الصف يحمل عنوان ونص المادة الرسمية 360 (إزاحة +1),حرجة,استبدال العنوان والنص بالنص الرسمي للمادة 359
360,المادة الحادية والستون بعد الثلاثمائة,361,cmpwiff0n02k7nxffzs9n4prp,361,نعم,a1620,d778b260fa521325,المقايضة عقد مبادلة مالٍ بمالٍ على سبيل التمليك ليس أي منهما نقدًا.,الصف يحمل عنوان ونص المادة الرسمية 361 (إزاحة +1),حرجة,استبدال العنوان والنص بالنص الرسمي للمادة 360
361,المادة الثانية والستون بعد الثلاثمائة,362,cmpwiffbq02k9nxfflvvr0noy,362,نعم,a1621,419646d6cb0a1eff,يعدّ كل من المتقايضين بائعًا لما قايض به ومشتريًا لما قايض عليه.,الصف يحمل عنوان ونص المادة الرسمية 362 (إزاحة +1),حرجة,استبدال العنوان والنص بالنص الرسمي للمادة 361
362,المادة الثالثة والستون بعد الثلاثمائة,363,cmpwiffmr02kbnxfff1lhwq46,363,نعم,a1622,a0e4eac0555052bd,لا يُخرِجُ المقايضة عن طبيعتها إضافة نقد إلى أحد العوضين لتعويض الفرق في القيمة، إلا إذا كان ذلك العوض أقل قيمة من النقد,الصف يحمل عنوان ونص المادة الرسمية 363 (إزاحة +1),حرجة,استبدال العنوان والنص بالنص الرسمي للمادة 362
363,المادة الرابعة والستون بعد الثلاثمائة,364,cmpwiffxu02kdnxff2oue3gsv,364,نعم,a1623,2d643ae8607567d7,تكون نفقات عقد المقايضة مناصفة بين طرفي العقد ما لم يتفق على خلاف ذلك.,الصف يحمل عنوان ونص المادة الرسمية 364 (إزاحة +1),حرجة,استبدال العنوان والنص بالنص الرسمي للمادة 363
364,المادة الخامسة والستون بعد الثلاثمائة,365,cmpwifg8z02kfnxffam1rr4uz,365,نعم,a1624,254a39f2d6b9dd4c,تسري على عقد المقايضة أحكام عقد البيع بما لا يتعارض مع طبيعته. الفصل الثالث: عقد الهبة الفرع الأول: إنشاء عقد الهبة,الصف يحمل عنوان ونص المادة الرسمية 365 (إزاحة +1),حرجة,استبدال العنوان والنص بالنص الرسمي للمادة 364
365,المادة السادسة والستون بعد الثلاثمائة,366,cmpwifgk102khnxff9y4afelu,366,نعم,a1625,a69d8f6faf7908c7,الهبة عقد يُملِّكُ بمقتضاه الواهبُ حال حياته الموهوب له مالًا دون عوض.,الصف يحمل عنوان ونص المادة الرسمية 366 (إزاحة +1),حرجة,استبدال العنوان والنص بالنص الرسمي للمادة 365
366,المادة السابعة والستون بعد الثلاثمائة,367,cmpwifgv302kjnxff0nwbkoi2,367,نعم,a1626,e50db3d0d3d7ce77,يصح أن يشترط الواهب التزامًا معيَّنًا على الموهوب له. إذا اشترط الواهب عوضًا على الموهوب له فيكون العقد معاوضة تطبق عليه,الصف يحمل عنوان ونص المادة الرسمية 367 (إزاحة +1),حرجة,استبدال العنوان والنص بالنص الرسمي للمادة 366
367,المادة الثامنة والستون بعد الثلاثمائة,368,cmpwifh6702klnxffey3pmouj,368,نعم,a1627,a7337e10970796cf,إذا كان الموهوب عقارًا فلا تنعقد هبته إلا بتوثيقها وفق النصوص النظامية. إذا كان الموهوب منقولًا فلا تنعقد هبته إلا بتوثي,الصف يحمل عنوان ونص المادة الرسمية 368 (إزاحة +1),حرجة,استبدال العنوان والنص بالنص الرسمي للمادة 367
368,المادة التاسعة والستون بعد الثلاثمائة,369,cmpwifhh902knnxffvxd9f5gj,369,نعم,a1628,9583ce606404818d,لا ينفذ عقد الهبة إذا كان الموهوب غير مملوك للواهب إلا إذا أجازه المالك.,الصف يحمل عنوان ونص المادة الرسمية 369 (إزاحة +1),حرجة,استبدال العنوان والنص بالنص الرسمي للمادة 368
369,المادة السبعون بعد الثلاثمائة,370,cmpwifhsb02kpnxffirp78hcv,370,نعم,a1629,442d842fc0e468f2,تصح هبة الدين للمدين، وتعد إبراء.,الصف يحمل عنوان ونص المادة الرسمية 370 (إزاحة +1),حرجة,استبدال العنوان والنص بالنص الرسمي للمادة 369
370,المادة الحادية والسبعون بعد الثلاثمائة,371,cmpwifi3d02krnxff1rfzs1tf,371,نعم,a1630,0cf6eac560bb7de3,تصح هبة الشريك حصته في المال الشائع لشريكه أو لغيره عقارًا كان أو منقولًا، ولو كان الموهوب قابلًا للقسمة. الفرع الثاني: ,الصف يحمل عنوان ونص المادة الرسمية 371 (إزاحة +1),حرجة,استبدال العنوان والنص بالنص الرسمي للمادة 370
371,المادة الثانية والسبعون بعد الثلاثمائة,372,cmpwifieg02ktnxffyk12x889,372,نعم,a1631,14cca8bce6e80edd,لا يضمن الواهب استحقاق الموهوب ولا خلوه من العيوب، ولكنه مسؤولٌ عما يلحق الموهوب له من ضرر بسبب الاستحقاق أو العيب إذا ت,الصف يحمل عنوان ونص المادة الرسمية 372 (إزاحة +1),حرجة,استبدال العنوان والنص بالنص الرسمي للمادة 371
372,المادة الثالثة والسبعون بعد الثلاثمائة,373,cmpwifipj02kvnxffk2di46p1,373,نعم,a1632,d4dd8b67e1861db2,إذا كانت الهبة مشروطةً بالتزامٍ لزم الموهوب له أداء ما اشترطه الواهب من التزامٍ لمصلحته أو لمصلحة غيره.,الصف يحمل عنوان ونص المادة الرسمية 373 (إزاحة +1),حرجة,استبدال العنوان والنص بالنص الرسمي للمادة 372
373,المادة الرابعة والسبعون بعد الثلاثمائة,374,cmpwifj0l02kxnxfff64y4fi5,374,نعم,a1633,fe8e223a8234e2a7,إذا تعلق بالموهوب حقّ عينيّ وفاءً لدين في ذمة الواهب أو ذمة الغير فيلتزم الموهوب له بوفاء هذا الدين في حدود قيمة الموهوب,الصف يحمل عنوان ونص المادة الرسمية 374 (إزاحة +1),حرجة,استبدال العنوان والنص بالنص الرسمي للمادة 373
374,المادة الخامسة والسبعون بعد الثلاثمائة,375,cmpwifjbn02kznxffd4revswf,375,نعم,a1634,787a9c5a9099bebf,تكون نفقات عقد الهبة وتسليم الموهوب ونقله؛ على الموهوب له، وذلك كله ما لم يتفق على خلافه. الفرع الثالث: الرجوع في الهبة,الصف يحمل عنوان ونص المادة الرسمية 375 (إزاحة +1),حرجة,استبدال العنوان والنص بالنص الرسمي للمادة 374
375,المادة السادسة والسبعون بعد الثلاثمائة,376,cmpwifjmp02l1nxffrdj84snx,376,نعم,a1635,e68ee0d19bd779ae,يجوز للواهب أن يرجع في الهبة إذا قبل الموهوب له رد الموهوب. إذا لم يقبل الموهوب له رد الموهوب فللواهب أن يطلب ذلك من الم,الصف يحمل عنوان ونص المادة الرسمية 376 (إزاحة +1),حرجة,استبدال العنوان والنص بالنص الرسمي للمادة 375
376,المادة السابعة والسبعون بعد الثلاثمائة,377,cmpwifjxt02l3nxffwl4ocz6v,377,نعم,a1636,28a3078df9271539,يسقط حقُّ الرجوع في الهبة الوارد في المادة (السادسة والسبعين بعد الثلاثمائة) من هذا النظام بموت أحد طرفي العقد قبل الرجو,الصف يحمل عنوان ونص المادة الرسمية 377 (إزاحة +1),حرجة,استبدال العنوان والنص بالنص الرسمي للمادة 376
377,المادة الثامنة والسبعون بعد الثلاثمائة,378,cmpwifk8w02l5nxffdnw4d5z0,378,نعم,a1637,37329156d0a9e0ba,للواهب عند الرجوع في الهبة استرداد الموهوب، وله ثماره من وقت قبول الموهوب له رد الموهوب، أو من وقت رفع الدعوى في الحالات,الصف يحمل عنوان ونص المادة الرسمية 378 (إزاحة +1),حرجة,استبدال العنوان والنص بالنص الرسمي للمادة 377
378,المادة التاسعة والسبعون بعد الثلاثمائة,379,cmpwifkvd02l7nxffyqk8wnth,379,نعم,a1638,64631d8ba0213bac,ليس للواهب عند الرجوع في الهبة استرداد عين الموهوب في الحالات الآتية: أ- إذا تصرف الموهوب له في الموهوب تصرفًا ناقلًا لل,الصف يحمل عنوان ونص المادة الرسمية 379 (إزاحة +1),حرجة,استبدال العنوان والنص بالنص الرسمي للمادة 378
379,المادة الثمانون بعد الثلاثمائة,380,cmpwifl6u02l9nxff10kzg6b1,380,نعم,a1639,45090f859092b505,إذا لم يكن للواهب استرداد عين الموهوب وفقًا لأحكام المادة (التاسعة والسبعين بعد الثلاثمائة) من هذا النظام؛ فلا يستحق قيم,الصف يحمل عنوان ونص المادة الرسمية 380 (إزاحة +1),حرجة,استبدال العنوان والنص بالنص الرسمي للمادة 379
380,المادة الحادية والثمانون بعد الثلاثمائة,381,cmpwiflib02lbnxffzebdut4s,381,نعم,a1640,bc3a240f3f61fd81,إذا كان للواهب الرجوع في الهبة وهلك الموهوب في يد الموهوب له بعد إعذاره بالتسليم؛ لزمه تعويض الواهب. الفصل الرابع: عقد ا,الصف يحمل عنوان ونص المادة الرسمية 381 (إزاحة +1),حرجة,استبدال العنوان والنص بالنص الرسمي للمادة 380
381,المادة الثانية والثمانون بعد الثلاثمائة,382,cmpwiflts02ldnxffel29ciob,382,نعم,a1641,028d629db859e2fe,القرض عقد يُمَلِّكُ بمقتضاه المقرِضُ شيئًا مثليًّا للمقترض على أن يرد مثله.,الصف يحمل عنوان ونص المادة الرسمية 382 (إزاحة +1),حرجة,استبدال العنوان والنص بالنص الرسمي للمادة 381
382,المادة الثالثة والثمانون بعد الثلاثمائة,383,cmpwifm5802lfnxffhc0wlnzc,383,نعم,a1642,a05afe46df5a8763,لا ينعقد القرض إلا بقبض الشيء المقترض.,الصف يحمل عنوان ونص المادة الرسمية 383 (إزاحة +1),حرجة,استبدال العنوان والنص بالنص الرسمي للمادة 382
383,المادة الرابعة والثمانون بعد الثلاثمائة,384,cmpwifmgp02lhnxffwusv7d4g,384,نعم,a1643,7b6514f9febb8a99,يجب في القرض أن يكون المقرض كامل الأهلية. ليس للولي أو الوصي إقراض مال من هو في ولايته ولا اقتراضه إلا وفقًا للنصوص النظ,الصف يحمل عنوان ونص المادة الرسمية 384 (إزاحة +1),حرجة,استبدال العنوان والنص بالنص الرسمي للمادة 383
384,المادة الخامسة والثمانون بعد الثلاثمائة,385,cmpwifms602ljnxffu856kou7,385,نعم,a1644,74c5b0a60d618fdd,يقع باطلًا كل شرط عند العقد أو عند تأجيل الوفاء يتضمن زيادة في رد القرض يؤديها المقترض إلى المقرض.,الصف يحمل عنوان ونص المادة الرسمية 385 (إزاحة +1),حرجة,استبدال العنوان والنص بالنص الرسمي للمادة 384
385,المادة السادسة والثمانون بعد الثلاثمائة,386,cmpwifn3n02llnxffs0mo6ikd,386,نعم,a1645,23c86cc6b88b945b,لا يضمن المقرِض استحقاق المال المقترَض ولا خلوه من العيوب، ولكنه مسؤولٌ عما يلحق المقترض من ضرر بسبب الاستحقاق أو العيب ,الصف يحمل عنوان ونص المادة الرسمية 386 (إزاحة +1),حرجة,استبدال العنوان والنص بالنص الرسمي للمادة 385
386,المادة السابعة والثمانون بعد الثلاثمائة,387,cmpwifnf402lnnxffs2lqs1a8,387,نعم,a1646,99c792d0a6157f8c,إذا عُيِّن للقرض أجلٌ أو غرضٌ لم يلزم المقترض الوفاء قبل انقضاء الأجل أو المدة المعتادة للانتفاع به في مثل ذلك الغرض. إذ,الصف يحمل عنوان ونص المادة الرسمية 387 (إزاحة +1),حرجة,استبدال العنوان والنص بالنص الرسمي للمادة 386
387,المادة الثامنة والثمانون بعد الثلاثمائة,388,cmpwifnql02lpnxfft5qfrlsk,388,نعم,a1647,c30581919f95ca76,يلتزم المقترِض برد مثل الشيء المقترَض مقدارًا ونوعًا وصفةً عند انقضاء مدة القرض، فإذا تعذر رد مثله وجب رد قيمته يوم الاق,الصف يحمل عنوان ونص المادة الرسمية 388 (إزاحة +1),حرجة,استبدال العنوان والنص بالنص الرسمي للمادة 387
388,المادة التاسعة والثمانون بعد الثلاثمائة,389,cmpwifo2202lrnxff4qo9u7cy,389,نعم,a1648,5199fba0d7664460,يلتزم المقترض بالوفاء في مكان القرض؛ ما لم يتفق على خلاف ذلك.,الصف يحمل عنوان ونص المادة الرسمية 389 (إزاحة +1),حرجة,استبدال العنوان والنص بالنص الرسمي للمادة 388
389,المادة التسعون بعد الثلاثمائة,390,cmpwifodk02ltnxffmytnkucv,390,نعم,a1649,48031eeee0595ff6,تكون نفقات القرض والوفاء به على المقترض؛ ما لم يتفق على خلاف ذلك. الفصل الخامس: عقد الصلح,الصف يحمل عنوان ونص المادة الرسمية 390 (إزاحة +1),حرجة,استبدال العنوان والنص بالنص الرسمي للمادة 389
390,المادة الحادية والتسعون بعد الثلاثمائة,391,cmpwifouq02lvnxffpoaz8mcr,391,نعم,a1650,bec525e049195b13,الصلح عقدٌ يحسم بمقتضاه المتصالحان نزاعًا قائمًا أو يتوقيان نزاعًا محتملًا، بأن ينزل كلٌّ منهما على وجه التَّقابل عن مُط,الصف يحمل عنوان ونص المادة الرسمية 391 (إزاحة +1),حرجة,استبدال العنوان والنص بالنص الرسمي للمادة 390
391,المادة الثانية والتسعون بعد الثلاثمائة,392,cmpwifp6702lxnxff5jkjisp4,392,نعم,a1651,ad159931a1164f49,يجب أن يكون المتصالح أهلًا للتصرف بعوضٍ في الحقوق التي يشملها عقد الصلح. إذا تضمن الصلح إسقاط شيءٍ من الحقوق دون مقابل و,الصف يحمل عنوان ونص المادة الرسمية 392 (إزاحة +1),حرجة,استبدال العنوان والنص بالنص الرسمي للمادة 391
392,المادة الثالثة والتسعون بعد الثلاثمائة,393,cmpwifphn02lznxffvojedxii,393,نعم,a1652,d1a95e8431828503,استثناءً من حكم الفقرة (1) من المادة (الثانية والتسعين بعد الثلاثمائة) من هذا النظام؛ لا يصح صلح الصغير المميز المأذون ل,الصف يحمل عنوان ونص المادة الرسمية 393 (إزاحة +1),حرجة,استبدال العنوان والنص بالنص الرسمي للمادة 392
393,المادة الرابعة والتسعون بعد الثلاثمائة,394,cmpwifpt302m1nxffriiedxbw,394,نعم,a1653,3e0fa80191c2d8ca,يجب أن يكون المتصالح عنه مما يصح أخذ العوض في مقابله.,الصف يحمل عنوان ونص المادة الرسمية 394 (إزاحة +1),حرجة,استبدال العنوان والنص بالنص الرسمي للمادة 393
394,المادة الخامسة والتسعون بعد الثلاثمائة,395,cmpwifq4k02m3nxffwn77jyi1,395,نعم,a1654,dfa13d34e4b4070d,يصح الصلح ولو كان الحق الذي يشمله مجهولًا إذا كانت الجهالة لا تمنع التسليم وكان الحق مما يتعذّر العلم به في مدة قريبة بح,الصف يحمل عنوان ونص المادة الرسمية 395 (إزاحة +1),حرجة,استبدال العنوان والنص بالنص الرسمي للمادة 394
395,المادة السادسة والتسعون بعد الثلاثمائة,396,cmpwifqg102m5nxffabxj4q1a,396,نعم,a1655,183f2db4c398e9f7,يصح الصلح عن الحقوق سواء أقر بها المدعى عليه أو أنكرها أو سكت ولم يبد فيها إقرارًا ولا إنكارًا.,الصف يحمل عنوان ونص المادة الرسمية 396 (إزاحة +1),حرجة,استبدال العنوان والنص بالنص الرسمي للمادة 395
396,المادة السابعة والتسعون بعد الثلاثمائة,397,cmpwifqrj02m7nxffmbjupycc,397,نعم,a1656,d18b900d13097e6b,يصح الصلح على بعض ما يدعيه المتصالح في ذمة الآخر. يصح الصلح على تأجيل الدين المدعى به أو بعضه دون زيادة، أو على تعجيله و,الصف يحمل عنوان ونص المادة الرسمية 397 (إزاحة +1),حرجة,استبدال العنوان والنص بالنص الرسمي للمادة 396
397,المادة الثامنة والتسعون بعد الثلاثمائة,398,cmpwifr2z02m9nxff9no8i50e,398,نعم,a1657,ec163b9a1ef1326b,يصح أن يتصالح شخصان يدعي كل منهما حقًّا له لدى الآخر على أن يحتفظ كلٌّ منهما بالحق الذي لديه.,الصف يحمل عنوان ونص المادة الرسمية 398 (إزاحة +1),حرجة,استبدال العنوان والنص بالنص الرسمي للمادة 397
398,المادة التاسعة والتسعون بعد الثلاثمائة,399,cmpwifref02mbnxffhab5lss5,399,نعم,a1658,9d0bc75a3f0ae33b,لا يُنشئ الصلح حقًّا جديدًا لأيٍّ من المتصالحين فيما يشمله من الحقوق، وأما عوض الصلح من غير هذه الحقوق فيُنشئ فيه الصلح ,الصف يحمل عنوان ونص المادة الرسمية 399 (إزاحة +1),حرجة,استبدال العنوان والنص بالنص الرسمي للمادة 398
399,المادة الأربعمائة,400,cmpwifrpw02mdnxffzx5jhst6,400,نعم,a1659,e898f298abb362ea,تُفسَّر عبارات التَّنازل التي يتضمَّنها عقد الصلح تفسيرًا ضيِّقًا في حدود الحقوق التي كانت محلًا للنزاع.,الصف يحمل عنوان ونص المادة الرسمية 400 (إزاحة +1),حرجة,استبدال العنوان والنص بالنص الرسمي للمادة 399
400,المادة الأولى بعد الأربعمائة,401,cmpwifs1c02mfnxffo52mv1nz,401,نعم,a1660,0d7e5025d39c5c14,يترتب على عقد الصلح انقضاء الحقوق والادعاءات التي نزل عنها أيٌّ من المتصالحين، وليس لأي منهما أو لورثته الرجوع فيه.,الصف يحمل عنوان ونص المادة الرسمية 401 (إزاحة +1),حرجة,استبدال العنوان والنص بالنص الرسمي للمادة 400
401,المادة الثانية بعد الأربعمائة,402,cmpwifscs02mhnxffwbhs807y,402,نعم,a1661,d4056631ada420b4,يقتصر أثر الصلح على الحقوق التي شملها وحسم النزاع فيها دون غيرها. الفصل السادس: عقد المسابقة,الصف يحمل عنوان ونص المادة الرسمية 402 (إزاحة +1),حرجة,استبدال العنوان والنص بالنص الرسمي للمادة 401
402,المادة الثالثة بعد الأربعمائة,403,cmpwifsqd02mjnxffa59mhaof,403,نعم,a1662,e7b26547fd86bf86,المسابقة عقدٌ يلتزم بمقتضاه شخصٌ ببذل جُعلٍ لمن يفوز في سباقٍ يتوقف الفوز فيه على عمل المتسابق.,الصف يحمل عنوان ونص المادة الرسمية 403 (إزاحة +1),حرجة,استبدال العنوان والنص بالنص الرسمي للمادة 402
403,المادة الرابعة بعد الأربعمائة,404,cmpwift1v02mlnxffuo7xu7hh,404,نعم,a1663,7d78d99bb2ae8c77,يصحُّ في المسابقة أن يكون الالتزام بالجُعل من بعض المتسابقين أو من غيرهم، ولا يصحُّ أن يكون من جميعهم.,الصف يحمل عنوان ونص المادة الرسمية 404 (إزاحة +1),حرجة,استبدال العنوان والنص بالنص الرسمي للمادة 403
404,المادة الخامسة بعد الأربعمائة,405,cmpwiftde02mnnxff7d7ndu6j,405,نعم,a1664,8caae1c39de585cc,إذا كانت المسابقة بين فريقين عُدَّ كلُّ فريقٍ في حكم الشخص الواحد في الالتزام بالجعل.,الصف يحمل عنوان ونص المادة الرسمية 405 (إزاحة +1),حرجة,استبدال العنوان والنص بالنص الرسمي للمادة 404
405,المادة السادسة بعد الأربعمائة,406,cmpwiftov02mpnxffyrmoe87q,406,نعم,a1665,c5c455f9a28e34eb,يقع باطلًا كلُّ اتفاقٍ على قمار. الباب الثاني: العقود الواردة على المنفعة الفصل الأول: عقد الإيجار الفرع الأول: إنشاء عق,الصف يحمل عنوان ونص المادة الرسمية 406 (إزاحة +1),حرجة,استبدال العنوان والنص بالنص الرسمي للمادة 405
406,المادة السابعة بعد الأربعمائة,407,cmpwifu0f02mrnxffcxcio5rs,407,نعم,a1666,084495378bc619a1,الإيجار عقد يُمَكِّنُ بمقتضاه المؤجر المستأجر من الانتفاع مدةً معينةً بشيءٍ غير قابل للاستهلاك مقابل أجرةٍ.,الصف يحمل عنوان ونص المادة الرسمية 407 (إزاحة +1),حرجة,استبدال العنوان والنص بالنص الرسمي للمادة 406
407,المادة الثامنة بعد الأربعمائة,408,cmpwifubv02mtnxffxmdz3hmt,408,نعم,a1667,bf7cf2d0f98c8dce,يصح أن يكون المأجور عينًا أو منفعةً أو حقًّا؛ سواء كان معيَّنًا بالذات أو بالنوع. يصح أن يكون المأجور حصَّةً شائعة.,الصف يحمل عنوان ونص المادة الرسمية 408 (إزاحة +1),حرجة,استبدال العنوان والنص بالنص الرسمي للمادة 407
408,المادة التاسعة بعد الأربعمائة,409,cmpwifunc02mvnxff37663qix,409,نعم,a1668,135e904e350e5a5d,يصح أن يقتصر تقدير الأجرة على بيان أسسٍ صالحةٍ تتحدد بمقتضاها، ويصح أن تكون بمبلغٍ معيَّنٍ مع نسبةٍ معلومةٍ من الناتج أو,الصف يحمل عنوان ونص المادة الرسمية 409 (إزاحة +1),حرجة,استبدال العنوان والنص بالنص الرسمي للمادة 408
409,المادة العاشرة بعد الأربعمائة,410,cmpwifuyu02mxnxffmyz55pnw,410,نعم,a1669,eaede52770f3ea58,يصح اشتراط تعجيل الأجرة أو تأجيلها أو تقسيطها.,الصف يحمل عنوان ونص المادة الرسمية 410 (إزاحة +1),حرجة,استبدال العنوان والنص بالنص الرسمي للمادة 409
410,المادة الحادية عشرة بعد الأربعمائة,411,cmpwifvac02mznxff1481hd2q,411,نعم,a1670,12603ec825687cfd,إذا عُقد الإيجار على شيءٍ معينٍ بأجرةٍ إجماليةٍ، وذُكر عدد وحداته دون بيان أجرة كل وحدة منها، فظهرت وحداته أزيد أو أنقص؛,الصف يحمل عنوان ونص المادة الرسمية 411 (إزاحة +1),حرجة,استبدال العنوان والنص بالنص الرسمي للمادة 410
411,المادة الثانية عشرة بعد الأربعمائة,412,cmpwifvlv02n1nxffxtkyvw5c,412,نعم,a1671,c32972523d9c4180,تبدأ مدة الإيجار من التاريخ المحدد في العقد، فإذا لم يحدد فمن تاريخ انعقاد العقد.,الصف يحمل عنوان ونص المادة الرسمية 412 (إزاحة +1),حرجة,استبدال العنوان والنص بالنص الرسمي للمادة 411
412,المادة الثالثة عشرة بعد الأربعمائة,413,cmpwifvxc02n3nxffibl9n4v5,413,نعم,a1672,40942fbc59a120f9,إذا لم تعين مدة الإيجار وكانت الأجرة عن وحدة زمنية معينة عُدَّ عقد الإيجار منعقدًا إلى نهاية تلك الوحدة الزمنية، وإلا عي,الصف يحمل عنوان ونص المادة الرسمية 413 (إزاحة +1),حرجة,استبدال العنوان والنص بالنص الرسمي للمادة 412
413,المادة الرابعة عشرة بعد الأربعمائة,414,cmpwifw8t02n5nxff4hfp9a31,414,نعم,a1673,212b0cccf3a4ef39,تصح إضافة عقد الإيجار إلى أجل مستقبل.,الصف يحمل عنوان ونص المادة الرسمية 414 (إزاحة +1),حرجة,استبدال العنوان والنص بالنص الرسمي للمادة 413
414,المادة الخامسة عشرة بعد الأربعمائة,415,cmpwifwkc02n7nxffxjs44iql,415,نعم,a1674,605ea49317ff4e83,إذا انقضت مدة الإيجار وثبت وجود ضرورة ملحة لامتدادها فإنها تمتد بقدر تلك الضرورة على أن يؤدي المستأجر أجرة المثل عن هذه ,الصف يحمل عنوان ونص المادة الرسمية 415 (إزاحة +1),حرجة,استبدال العنوان والنص بالنص الرسمي للمادة 414
415,المادة السادسة عشرة بعد الأربعمائة,416,cmpwifwvs02n9nxffin3bhgxk,416,نعم,a1675,5b5eef4dafd169ff,على المؤجر تسليم المأجور وملحقاته في حالٍ يصلح معها لاستيفاء المنفعة المقصودة كاملة. يكون التسليم بتمكين المستأجر من الا,الصف يحمل عنوان ونص المادة الرسمية 416 (إزاحة +1),حرجة,استبدال العنوان والنص بالنص الرسمي للمادة 415
416,المادة السابعة عشرة بعد الأربعمائة,417,cmpwifx7902nbnxff1rjx3w8d,417,نعم,a1676,9445d96ed291c5e3,للمؤجر أن يمتنع عن تسليم المأجور حتى يستوفي الأجرة المعجلة.,الصف يحمل عنوان ونص المادة الرسمية 417 (إزاحة +1),حرجة,استبدال العنوان والنص بالنص الرسمي للمادة 416
417,المادة الثامنة عشرة بعد الأربعمائة,418,cmpwifxip02ndnxffakz3sghn,418,نعم,a1677,01cda865446fe835,تسري على تسليم المأجور وملحقاته أحكام تسليم المبيع؛ ما لم يتفق على خلاف ذلك.,الصف يحمل عنوان ونص المادة الرسمية 418 (إزاحة +1),حرجة,استبدال العنوان والنص بالنص الرسمي للمادة 417
418,المادة التاسعة عشرة بعد الأربعمائة,419,cmpwifxu602nfnxffwjdwlj4o,419,نعم,a1678,620a049e359f0e30,يلتزم المؤجر بالإصلاحات الضرورية اللازمة لبقاء المأجور صالحًا للانتفاع، بما في ذلك إصلاح أي خللٍ في المأجور يؤثر في استي,الصف يحمل عنوان ونص المادة الرسمية 419 (إزاحة +1),حرجة,استبدال العنوان والنص بالنص الرسمي للمادة 418
419,المادة العشرون بعد الأربعمائة,420,cmpwify5o02nhnxfftmblb0b4,420,نعم,a1679,3672b32277ed68fb,إذا هلك المأجور أثناء مدة الإيجار هلاكًا كليًّا انفسخ العقد من تلقاء نفسه.,الصف يحمل عنوان ونص المادة الرسمية 420 (إزاحة +1),حرجة,استبدال العنوان والنص بالنص الرسمي للمادة 419
420,المادة الحادية والعشرون بعد الأربعمائة,421,cmpwifyh702njnxffg9tuvcj3,421,نعم,a1680,d52bf4eb4d561219,إذا هلك المأجور أثناء مدة الإيجار هلاكًا جزئيًا أو أصبح في حال تنقص من الانتفاع الذي أُجِّر من أجله، ولم يكن ذلك بسبب ال,الصف يحمل عنوان ونص المادة الرسمية 421 (إزاحة +1),حرجة,استبدال العنوان والنص بالنص الرسمي للمادة 420
421,المادة الثانية والعشرون بعد الأربعمائة,422,cmpwifyso02nlnxff09kpdhev,422,نعم,a1681,a6bd83454e9ac426,إذا أحدث المستأجر بإذن المؤجر إنشاءاتٍ أو إصلاحات لمنفعة المأجور؛ فله الرجوع بما أنفق بالقدر المتعارف عليه وإن لم يشترط ,الصف يحمل عنوان ونص المادة الرسمية 422 (إزاحة +1),حرجة,استبدال العنوان والنص بالنص الرسمي للمادة 421
422,المادة الثالثة والعشرون بعد الأربعمائة,423,cmpwifz4502nnnxffrr1ef4wa,423,نعم,a1682,95b3151535f50ef4,على المؤجر أن يمتنع عن التعرض للمستأجر في استيفائه للمنفعة طوال مدة الإيجار، بما في ذلك أن يحدث المؤجر في المأجور تغييرً,الصف يحمل عنوان ونص المادة الرسمية 423 (إزاحة +1),حرجة,استبدال العنوان والنص بالنص الرسمي للمادة 422
423,المادة الرابعة والعشرون بعد الأربعمائة,424,cmpwifzfm02npnxffh6rq9bde,424,نعم,a1683,a16de033e195253e,لا يضمن المؤجر التعرض الصادر من الغير إذا لم يكن مبنيًّا على سبب نظامي، على أنه إذا كان التعرض بسبب لا يد للمستأجر فيه، ,الصف يحمل عنوان ونص المادة الرسمية 424 (إزاحة +1),حرجة,استبدال العنوان والنص بالنص الرسمي للمادة 423
424,المادة الخامسة والعشرون بعد الأربعمائة,425,cmpwifzr702nrnxff25nqtzz3,425,نعم,a1684,30047861c139e4ef,يضمن المؤجر للمستأجر ما يوجد في المأجور من عيوبٍ تحول دون الانتفاع به أو تنقص منه. لا يضمن المؤجر العيوب التي جرى العرف ,الصف يحمل عنوان ونص المادة الرسمية 425 (إزاحة +1),حرجة,استبدال العنوان والنص بالنص الرسمي للمادة 424
425,المادة السادسة والعشرون بعد الأربعمائة,426,cmpwig02n02ntnxffowqhwosd,426,نعم,a1685,7754c753b76c1638,إذا ترتب على العيب حرمان المستأجر كليًّا أو جزئيًّا من الانتفاع بالمأجور جاز له طلب الفسخ أو إنقاص الأجرة دون إخلال بحقه,الصف يحمل عنوان ونص المادة الرسمية 426 (إزاحة +1),حرجة,استبدال العنوان والنص بالنص الرسمي للمادة 425
426,المادة السابعة والعشرون بعد الأربعمائة,427,cmpwig0jt02nvnxffr5xzxhwv,427,نعم,a1686,949637c77c989b0a,يقع باطلًا كل اتفاق يتضمن الإعفاء أو الحد من ضمان التعرض أو العيب إذا كان المؤجر قد تعمّد إخفاء سبب هذا الضمان.,الصف يحمل عنوان ونص المادة الرسمية 427 (إزاحة +1),حرجة,استبدال العنوان والنص بالنص الرسمي للمادة 426
427,المادة الثامنة والعشرون بعد الأربعمائة,428,cmpwig0va02nxnxffdbv6eapc,428,نعم,a1687,3dc1d35d4b9a2e58,يصح بيع المأجور ولا يؤثر ذلك في حقوق المستأجر. الفرع الثالث: التزامات المستأجر,الصف يحمل عنوان ونص المادة الرسمية 428 (إزاحة +1),حرجة,استبدال العنوان والنص بالنص الرسمي للمادة 427
428,المادة التاسعة والعشرون بعد الأربعمائة,429,cmpwig16r02nznxffutku8d89,429,نعم,a1688,ff01024c698cf879,يلتزم المستأجر بأن يؤدي الأجرة في المواعيد المتفق عليها، فإن لم يتفق على المواعيد التزم بأدائها عند تسليم المأجور، وإذا ,الصف يحمل عنوان ونص المادة الرسمية 429 (إزاحة +1),حرجة,استبدال العنوان والنص بالنص الرسمي للمادة 428
429,المادة الثلاثون بعد الأربعمائة,430,cmpwig1im02o1nxffmb9miju3,430,نعم,a1689,c978f68ff9792be5,يلتزم المستأجر بأن يحافظ على المأجور محافظة الشخص المعتاد. يلتزم المستأجر بتعويض المؤجر عما يلحق المأجور من أضرارٍ ناشئة,الصف يحمل عنوان ونص المادة الرسمية 430 (إزاحة +1),حرجة,استبدال العنوان والنص بالنص الرسمي للمادة 429
430,المادة الحادية والثلاثون بعد الأربعمائة,431,cmpwig1u302o3nxff3w9dl6kb,431,نعم,a1690,659e35f0adf1263c,يلتزم المستأجر باستعمال المأجور في حدود المنفعة المتفق عليها في العقد، فإن لم يكن هناك اتفاقٌ التزم باستعمالهِ بحسب ما أ,الصف يحمل عنوان ونص المادة الرسمية 431 (إزاحة +1),حرجة,استبدال العنوان والنص بالنص الرسمي للمادة 430
431,المادة الثانية والثلاثون بعد الأربعمائة,432,cmpwig25j02o5nxffo5ksr0vi,432,نعم,a1691,1060eea3fb1b07b9,ليس للمستأجر أن يحدث في المأجور تغييرًا دون إذن المؤجر إلا إذا كان يستلزمه إصلاح المأجور ولا يلحق ضررًا به.,الصف يحمل عنوان ونص المادة الرسمية 432 (إزاحة +1),حرجة,استبدال العنوان والنص بالنص الرسمي للمادة 431
432,المادة الثالثة والثلاثون بعد الأربعمائة,433,cmpwig2h002o7nxffgo562wvm,433,نعم,a1692,23c02578216b14dd,يلتزم المستأجر خلال مدة الإيجار بصيانة المأجور وفقًا لما يقتضيه العرف؛ ما لم يتفق على خلاف ذلك.,الصف يحمل عنوان ونص المادة الرسمية 433 (إزاحة +1),حرجة,استبدال العنوان والنص بالنص الرسمي للمادة 432
433,المادة الرابعة والثلاثون بعد الأربعمائة,434,cmpwig2sj02o9nxffk1a98w3b,434,نعم,a1693,3d6ceafe24aa7478,ليس للمستأجر منع المؤجر من القيام بالإصلاحات الضرورية لحفظ المأجور إذا أعلمه المؤجر قبل البدء فيها بمدة معقولة. إذا ترتب,الصف يحمل عنوان ونص المادة الرسمية 434 (إزاحة +1),حرجة,استبدال العنوان والنص بالنص الرسمي للمادة 433
434,المادة الخامسة والثلاثون بعد الأربعمائة,435,cmpwig33z02obnxff75ykdcqe,435,نعم,a1694,4c62ac1ff916d2cf,يلتزم المستأجر برد المأجور إلى المؤجر عند انتهاء عقد الإيجار بالحال التي تسلمه بها، ويُستثنى من ذلك ما يقتضيه الاستعمال ,الصف يحمل عنوان ونص المادة الرسمية 435 (إزاحة +1),حرجة,استبدال العنوان والنص بالنص الرسمي للمادة 434
435,المادة السادسة والثلاثون بعد الأربعمائة,436,cmpwig3fg02odnxff8ckmy7go,436,نعم,a1695,bce1f439a834c9ca,إذا أحدث المستأجر لمنفعته بناءً أو غراسًا في المأجور ولو بإذن المؤجر ولم يكن بينهما اتفاق على بقائه بعد مدة الإيجار؛ كان,الصف يحمل عنوان ونص المادة الرسمية 436 (إزاحة +1),حرجة,استبدال العنوان والنص بالنص الرسمي للمادة 435
436,المادة السابعة والثلاثون بعد الأربعمائة,437,cmpwig3qx02ofnxffqe7jgwfr,437,نعم,a1696,ecc2c74b9cae1fdf,لا يجوز للمستأجر أن يؤجر المأجور كله أو بعضه أو يتنازل عن العقد إلا بإذن المؤجر أو إجازته.,الصف يحمل عنوان ونص المادة الرسمية 437 (إزاحة +1),حرجة,استبدال العنوان والنص بالنص الرسمي للمادة 436
437,المادة الثامنة والثلاثون بعد الأربعمائة,438,cmpwig42e02ohnxff27y1h9xg,438,نعم,a1697,8a9a7da0080db5bf,يتقيد المستأجر المأذون له بالتأجير أو التنازل للغير عند قيامه بذلك بقيود المنفعة التي يملكها نوعًا وزمنًا.,الصف يحمل عنوان ونص المادة الرسمية 438 (إزاحة +1),حرجة,استبدال العنوان والنص بالنص الرسمي للمادة 437
438,المادة التاسعة والثلاثون بعد الأربعمائة,439,cmpwig4du02ojnxffpfzm50q5,439,نعم,a1698,7867efed89268637,إذا تنازل المستأجر عن العقد فإن المتنازل له يحل محل المستأجر في جميع الحقوق والالتزامات المترتبة بمقتضى العقد المتنازل ع,الصف يحمل عنوان ونص المادة الرسمية 439 (إزاحة +1),حرجة,استبدال العنوان والنص بالنص الرسمي للمادة 438
439,المادة الأربعون بعد الأربعمائة,440,cmpwig4pb02olnxfflfbea98n,440,نعم,a1699,9b6bb74e82fa345c,ينتهي عقد الإيجار بانقضاء المدة المعينة فيه؛ ما لم يُشتَرط تجدده تلقائيًّا. إذا انتهى عقد الإيجار واستمر المستأجر في الا,الصف يحمل عنوان ونص المادة الرسمية 440 (إزاحة +1),حرجة,استبدال العنوان والنص بالنص الرسمي للمادة 439
440,المادة الحادية والأربعون بعد الأربعمائة,441,cmpwig57602onnxffyf5efeq6,441,نعم,a1700,8d8a4f8457b93c67,لا ينتهي عقد الإيجار بموت أحد المتعاقدين. لورثة المستأجر طلب فسخ العقد خلال مدة معقولة إذا أثبتوا أن أعباء العقد قد أصبح,الصف يحمل عنوان ونص المادة الرسمية 441 (إزاحة +1),حرجة,استبدال العنوان والنص بالنص الرسمي للمادة 440
441,المادة الثانية والأربعون بعد الأربعمائة,442,cmpwig5jc02opnxffwxc89zyw,442,نعم,a1701,92a8b3d8394dd700,لكل من المتعاقدين طلب فسخ عقد الإيجار إذا حدث عذر طارئ متعلق به، ويلزمه تعويض المتعاقد الآخر عما ينشأ عن هذا الفسخ من ضر,الصف يحمل عنوان ونص المادة الرسمية 442 (إزاحة +1),حرجة,استبدال العنوان والنص بالنص الرسمي للمادة 441
442,المادة الثالثة والأربعون بعد الأربعمائة,443,cmpwig5vj02ornxffyov2b3mq,443,نعم,a1702,b64e2b91a869dfa2,يصح إيجار الأرض للزراعة مع تعيين ما يزرع فيها أو أن يجعل المؤجر للمستأجر اختيار ما يزرع فيها.,الصف يحمل عنوان ونص المادة الرسمية 443 (إزاحة +1),حرجة,استبدال العنوان والنص بالنص الرسمي للمادة 442
443,المادة الرابعة والأربعون بعد الأربعمائة,444,cmpwig67p02otnxff5e0tskdw,444,نعم,a1703,4d994d833885a583,لا يصح إيجار الأرض للزراعة إيجارًا منجزًا وهي مشغولة بزرع لغير المستأجر لم يبلغ حصاده وكان مزروعًا بحق، فإن كان الزرع بل,الصف يحمل عنوان ونص المادة الرسمية 444 (إزاحة +1),حرجة,استبدال العنوان والنص بالنص الرسمي للمادة 443
444,المادة الخامسة والأربعون بعد الأربعمائة,445,cmpwig6jy02ovnxffa70w6b8y,445,نعم,a1704,f05be4b248f4e3b8,يصح إيجار الأرض المشغولة بالزرع إيجارًا مضافًا إلى أجل تكون الأرض فيه خالية.,الصف يحمل عنوان ونص المادة الرسمية 445 (إزاحة +1),حرجة,استبدال العنوان والنص بالنص الرسمي للمادة 444
445,المادة السادسة والأربعون بعد الأربعمائة,446,cmpwig6w402oxnxffjwkawg9o,446,نعم,a1705,c96b0745c68fa27d,إذا استأجر شخص الأرض للزراعة شمل الإيجار ملحقاتها، وما اتصل بها اتصال قرار، وما جرى العرف على أنه من توابعها، ولا يشمل ذ,الصف يحمل عنوان ونص المادة الرسمية 446 (إزاحة +1),حرجة,استبدال العنوان والنص بالنص الرسمي للمادة 445
446,المادة السابعة والأربعون بعد الأربعمائة,447,cmpwig78e02oznxff6oyc1e6w,447,نعم,a1706,f67a0a26f654d87c,من استأجر أرضًا على أن يزرعها دون الاتفاق على جنس المزروع ونوعه؛ فله أن يزرعها في جميع فصول السنة.,الصف يحمل عنوان ونص المادة الرسمية 447 (إزاحة +1),حرجة,استبدال العنوان والنص بالنص الرسمي للمادة 446
447,المادة الثامنة والأربعون بعد الأربعمائة,448,cmpwig7kk02p1nxff2m4jaqjh,448,نعم,a1707,7010f597747ea30f,إذا انقضت مدة إيجار الأرض للزراعة قبل أن يبلغ الزرع حصاده لسبب لا يد للمستأجر فيه، فله أن يُبقيه بأجرة المثل حتى يتم حصا,الصف يحمل عنوان ونص المادة الرسمية 448 (إزاحة +1),حرجة,استبدال العنوان والنص بالنص الرسمي للمادة 447
448,المادة التاسعة والأربعون بعد الأربعمائة,449,cmpwig7wq02p3nxffv3ek0gcv,449,نعم,a1708,f94a23afb19f004e,يلتزم المؤجر بالإصلاحات التي يتوقف عليها تمكن المستأجر من استغلال الأرض. يلتزم المستأجر بالصيانة التي يقتضيها استغلال ال,الصف يحمل عنوان ونص المادة الرسمية 449 (إزاحة +1),حرجة,استبدال العنوان والنص بالنص الرسمي للمادة 448
449,المادة الخمسون بعد الأربعمائة,450,cmpwig88w02p5nxff8lxmtuiv,450,نعم,a1709,2f923020d0fdc320,إذا هلك الزرع كله قبل حصاده بسبب قوةٍ قاهرةٍ فللمستأجر طلب إسقاط الأجرة. إذا هلك بعض الزرع بسبب قوةٍ قاهرةٍ وترتب على هل,الصف يحمل عنوان ونص المادة الرسمية 450 (إزاحة +1),حرجة,استبدال العنوان والنص بالنص الرسمي للمادة 449
450,المادة الحادية والخمسون بعد الأربعمائة,451,cmpwig8l202p7nxff1ttynxni,451,نعم,a1710,e7a64bf230c9c4b7,الإعارة عقد يمكِّن بمقتضاه المعيرُ المستعيرَ من الانتفاع بشيءٍ غير قابل للاستهلاك مدةً معينةً أو لغرضٍ معينٍ دون عوضٍ عل,الصف يحمل عنوان ونص المادة الرسمية 451 (إزاحة +1),حرجة,استبدال العنوان والنص بالنص الرسمي للمادة 450
451,المادة الثانية والخمسون بعد الأربعمائة,452,cmpwig8x802p9nxffgmzdphhy,452,نعم,a1711,61fce556f30ffb6a,لا تنعقد الإعارة إلا بقبض الشيء المـُعار.,الصف يحمل عنوان ونص المادة الرسمية 452 (إزاحة +1),حرجة,استبدال العنوان والنص بالنص الرسمي للمادة 451
452,المادة الثالثة والخمسون بعد الأربعمائة,453,cmpwig99f02pbnxffwpl6wywi,453,نعم,a1712,0ad25a929a395665,إذا عُيِّن للإعارة أجل أو غرض لم يلزم المستعير رد الشيء المعار قبل انقضاء الأجل أو المدة المعتادة للانتفاع به في مثل ذلك,الصف يحمل عنوان ونص المادة الرسمية 453 (إزاحة +1),حرجة,استبدال العنوان والنص بالنص الرسمي للمادة 452
453,المادة الرابعة والخمسون بعد الأربعمائة,454,cmpwig9ls02pdnxfftbxt69ex,454,نعم,a1713,4f63fb2eba55b6a1,لا يضمن المعير استحقاق الشيء المعار ولا خلوه من العيوب، ولكنه مسؤولٌ عما يلحق المستعير من ضرر بسبب الاستحقاق أو العيب إذ,الصف يحمل عنوان ونص المادة الرسمية 454 (إزاحة +1),حرجة,استبدال العنوان والنص بالنص الرسمي للمادة 453
454,المادة الخامسة والخمسون بعد الأربعمائة,455,cmpwig9y002pfnxffephmu92m,455,نعم,a1714,67f5974c9d55a89e,على المستعير أن يبذل في حفظ الشيء المعار العناية التي يبذلها في المحافظة على ماله دون أن ينزل عن عناية الشخص المعتاد.,الصف يحمل عنوان ونص المادة الرسمية 455 (إزاحة +1),حرجة,استبدال العنوان والنص بالنص الرسمي للمادة 454
455,المادة السادسة والخمسون بعد الأربعمائة,456,cmpwigaa802phnxff3vj1rxpd,456,نعم,a1715,cff32445c0c6e85a,تكون نفقات الشيء المعار وصيانته المعتادة ونفقات رده على المستعير، وذلك كله ما لم يتفق على خلاف ذلك.,الصف يحمل عنوان ونص المادة الرسمية 456 (إزاحة +1),حرجة,استبدال العنوان والنص بالنص الرسمي للمادة 455
456,المادة السابعة والخمسون بعد الأربعمائة,457,cmpwigamf02pjnxff0ld2alue,457,نعم,a1716,59d4973f674d7dcd,إذا كانت الإعارة غير مقيدة بزمانٍ أو بمكانٍ أو بنوع من الانتفاع؛ فللمستعير أن ينتفع بالشيء المعار على الوجه المعتاد. إذا,الصف يحمل عنوان ونص المادة الرسمية 457 (إزاحة +1),حرجة,استبدال العنوان والنص بالنص الرسمي للمادة 456
457,المادة الثامنة والخمسون بعد الأربعمائة,458,cmpwigayn02plnxffr3wmb3d4,458,نعم,a1717,5c24d1aaa4258548,لا يجوز للمستعير أن يتصرف في الشيء المعار تصرفًا يرتب لأحدٍ حقًّا في عينه أو منفعته إلا بإذن المعير. الفرع الثالث: انتها,الصف يحمل عنوان ونص المادة الرسمية 458 (إزاحة +1),حرجة,استبدال العنوان والنص بالنص الرسمي للمادة 457
458,المادة التاسعة والخمسون بعد الأربعمائة,459,cmpwigbam02pnnxff3qrbbk24,459,نعم,a1718,02c840670a7a38fa,ينتهي عقد الإعارة بموت المعير أو المستعير، ولا ينتقل إلى الورثة، ما لم يتفق على خلاف ذلك.,الصف يحمل عنوان ونص المادة الرسمية 459 (إزاحة +1),حرجة,استبدال العنوان والنص بالنص الرسمي للمادة 458
459,المادة الستون بعد الأربعمائة,460,cmpwigbm402ppnxffrll8n8pm,460,نعم,a1719,7aee522b25e8314a,ينتهي عقد الإعارة بانقضاء الأجل المتفق عليه أو باستيفاء المنفعة محل الإعارة. إذا رد المستعير الشيء المعار قبل انقضاء مدة,الصف يحمل عنوان ونص المادة الرسمية 460 (إزاحة +1),حرجة,استبدال العنوان والنص بالنص الرسمي للمادة 459
460,المادة الحادية والستون بعد الأربعمائة,461,cmpwigbxm02prnxff4y2txwuf,461,نعم,a1720,1633be56cc242866,المقاولة عقدٌ يلتزم بمقتضاه المقاول بصنع شيءٍ أو أداء عملٍ مقابل أجر دون أن يكون تابعًا لصاحب العمل ولا نائبًا عنه.,الصف يحمل عنوان ونص المادة الرسمية 461 (إزاحة +1),حرجة,استبدال العنوان والنص بالنص الرسمي للمادة 460
461,المادة الثانية والستون بعد الأربعمائة,462,cmpwigcet02ptnxff8y9d11k4,462,نعم,a1721,ace484185dc99a61,يصح أن يكون التزام المقاول بتنفيذ العمل بمواد من عنده أو من صاحب العمل. الفرع الثاني: التزامات المقاول,الصف يحمل عنوان ونص المادة الرسمية 462 (إزاحة +1),حرجة,استبدال العنوان والنص بالنص الرسمي للمادة 461
462,المادة الثالثة والستون بعد الأربعمائة,463,cmpwigcqa02pvnxffdv65gk2b,463,نعم,a1722,f851f3bd1d423d51,إذا اشترط صاحب العمل أن يقدم المقاول المواد كلها أو بعضها؛ كان المقاول مسؤولًا عن توفر الشروط والمواصفات المتفق عليها إن,الصف يحمل عنوان ونص المادة الرسمية 463 (إزاحة +1),حرجة,استبدال العنوان والنص بالنص الرسمي للمادة 462
463,المادة الرابعة والستون بعد الأربعمائة,464,cmpwigd2102pxnxffilb46qhg,464,نعم,a1723,05a98ae19327302e,يتحمَّل المقاول نفقات ما يستلزمه إنجاز العمل من آلات وأدوات، ما لم يتفق على خلاف ذلك.,الصف يحمل عنوان ونص المادة الرسمية 464 (إزاحة +1),حرجة,استبدال العنوان والنص بالنص الرسمي للمادة 463
464,المادة الخامسة والستون بعد الأربعمائة,465,cmpwigddk02pznxff85r0ibgg,465,نعم,a1724,4a3f0f886dc7421e,يلتزم المقاول بإنجاز العمل وفقًا لشروط العقد وفي المدة المتفق عليها، فإن لم تكن هناك شروطٌ أو لم يُتفق على مدةٍ التزم بإ,الصف يحمل عنوان ونص المادة الرسمية 465 (إزاحة +1),حرجة,استبدال العنوان والنص بالنص الرسمي للمادة 464
465,المادة السادسة والستون بعد الأربعمائة,466,cmpwigdpc02q1nxffopc8eum8,466,نعم,a1725,d6700e71cfa9c39f,إذا أخل المقاول بشروط العقد أثناء سير العمل فلصاحب العمل إعذاره بالالتزام بها وتصحيح العمل خلال مدة معقولة يعينها له، فإ,الصف يحمل عنوان ونص المادة الرسمية 466 (إزاحة +1),حرجة,استبدال العنوان والنص بالنص الرسمي للمادة 465
466,المادة السابعة والستون بعد الأربعمائة,467,cmpwige1102q3nxffgytffncg,467,نعم,a1726,a4e0733de742acb1,إذا هلك الشيء أو تلف بسبب لا يد للمقاول فيه قبل تسليمه لصاحب العمل؛ فليس للمقاول أن يطالب بالأجر المتفق عليه ولا بالنفقا,الصف يحمل عنوان ونص المادة الرسمية 467 (إزاحة +1),حرجة,استبدال العنوان والنص بالنص الرسمي للمادة 466
467,المادة الثامنة والستون بعد الأربعمائة,468,cmpwigect02q5nxffrjhs6fsw,468,نعم,a1727,fd1c4370727e7bdc,إذا أتم المقاول العمل ووضعه تحت تصرف صاحب العمل لزمته المبادرة إلى تسلمه، فإن امتنع بغير سبب مشروع رغم إعلامه بذلك وهلك ,الصف يحمل عنوان ونص المادة الرسمية 468 (إزاحة +1),حرجة,استبدال العنوان والنص بالنص الرسمي للمادة 467
468,المادة التاسعة والستون بعد الأربعمائة,469,cmpwigeoc02q7nxffohfrp0uy,469,نعم,a1728,6f57360b942d8603,يلتزم صاحب العمل بالوفاء بالأجر عند تسلم العمل المتفق عليه، ما لم يتفق على خلاف ذلك. إذا كان العمل مكوَّنًا من عدة أجزاء,الصف يحمل عنوان ونص المادة الرسمية 469 (إزاحة +1),حرجة,استبدال العنوان والنص بالنص الرسمي للمادة 468
469,المادة السبعون بعد الأربعمائة,470,cmpwigf0002q9nxffrnk2225i,470,نعم,a1729,c5d7b55c87363668,إذا أُبرم عقد بمقتضى مقايسةٍ على أساس الوحدة وتبين أثناء العمل أن من الضروري لتنفيذ التصميم المتفق عليه مجاوزة المقايسة ,الصف يحمل عنوان ونص المادة الرسمية 470 (إزاحة +1),حرجة,استبدال العنوان والنص بالنص الرسمي للمادة 469
470,المادة الحادية والسبعون بعد الأربعمائة,471,cmpwigfbh02qbnxff8q2777or,471,نعم,a1730,ab031fdac4d84d9b,إذا تم عقد المقاولة بموجب تصميمٍ متفقٍ عليه مقابل أجرٍ إجماليٍّ فليس للمقاول أن يطالب بأيّ زيادةٍ في الأجر ولو ارتفعت أس,الصف يحمل عنوان ونص المادة الرسمية 471 (إزاحة +1),حرجة,استبدال العنوان والنص بالنص الرسمي للمادة 470
471,المادة الثانية والسبعون بعد الأربعمائة,472,cmpwigfn902qdnxffa451lgt6,472,نعم,a1731,48ef28ea62d5fe52,إذا لم يعين في العقد أجر المقاول استحق أجر المثل عما عمل مع قيمة ما قدمه من المواد التي يتطلبها العمل. الفرع الرابع: الم,الصف يحمل عنوان ونص المادة الرسمية 472 (إزاحة +1),حرجة,استبدال العنوان والنص بالنص الرسمي للمادة 471
472,المادة الثالثة والسبعون بعد الأربعمائة,473,cmpwigfyt02qfnxff7bmvnhh1,473,نعم,a1732,5d56a6c7feb6d2c4,للمقاول أن يُسند تنفيذ العمل كله أو بعضه إلى مقاول من الباطن؛ ما لم تقتض النصوص النظامية أو الاتفاق أو طبيعة العمل خلاف ,الصف يحمل عنوان ونص المادة الرسمية 473 (إزاحة +1),حرجة,استبدال العنوان والنص بالنص الرسمي للمادة 472
473,المادة الرابعة والسبعون بعد الأربعمائة,474,cmpwiggac02qhnxffxc1973hs,474,نعم,a1733,1f563276b912cc63,لا يجوز للمقاول من الباطن أن يطالب لنفسه صاحب العمل بشيءٍ مما يستحقه المقاول إلا إذا أحاله على صاحب العمل. الفرع الخامس:,الصف يحمل عنوان ونص المادة الرسمية 474 (إزاحة +1),حرجة,استبدال العنوان والنص بالنص الرسمي للمادة 473
474,المادة الخامسة والسبعون بعد الأربعمائة,475,cmpwigglt02qjnxfftqr55gqz,475,نعم,a1734,3053aea7c7fd7101,ينتهي عقد المقاولة بإنجاز العمل المتفق عليه.,الصف يحمل عنوان ونص المادة الرسمية 475 (إزاحة +1),حرجة,استبدال العنوان والنص بالنص الرسمي للمادة 474
475,المادة السادسة والسبعون بعد الأربعمائة,476,cmpwiggxf02qlnxffov9j2925,476,نعم,a1735,754e1ada9bd15249,لكل من المتعاقدين طلب فسخ عقد المقاولة إذا حدث له عذر طارئ يتعلق بتنفيذ العقد، ويلزمه تعويض المتعاقد الآخر عما ينشأ عن ه,الصف يحمل عنوان ونص المادة الرسمية 476 (إزاحة +1),حرجة,استبدال العنوان والنص بالنص الرسمي للمادة 475
476,المادة السابعة والسبعون بعد الأربعمائة,477,cmpwigh8w02qnnxff8uyjhb6w,477,نعم,a1736,592647ad63778557,إذا بدأ المقاول في التنفيذ ثم أصبح عاجزًا عن إتمامه لسبب لا يد له فيه؛ فإنه يستحق قيمة ما تم من الأعمال، وما أنفق في الع,الصف يحمل عنوان ونص المادة الرسمية 477 (إزاحة +1),حرجة,استبدال العنوان والنص بالنص الرسمي للمادة 476
477,المادة الثامنة والسبعون بعد الأربعمائة,478,cmpwighkd02qpnxff86gv3vrs,478,نعم,a1737,e51de6bcf712042e,ينفسخ عقد المقاولة بموت المقاول إذا اشتُرط أن يعمل المقاول بنفسه أو كان العقد قد أبرم بناءً على اعتبارات تتعلق بشخصه. إذ,الصف يحمل عنوان ونص المادة الرسمية 478 (إزاحة +1),حرجة,استبدال العنوان والنص بالنص الرسمي للمادة 477
478,المادة التاسعة والسبعون بعد الأربعمائة,479,cmpwighvz02qrnxffe9eb40q4,479,نعم,a1738,d0365461051fbe17,تسري على عقد العمل النصوص النظامية الخاصة به. الفصل الثالث: عقد الوكالة الفرع الأول: إنشاء عقد الوكالة,الصف يحمل عنوان ونص المادة الرسمية 479 (إزاحة +1),حرجة,استبدال العنوان والنص بالنص الرسمي للمادة 478
479,المادة الثمانون بعد الأربعمائة,480,cmpwigi7k02qtnxffglcz5y6t,480,نعم,a1739,7d810cecc8f83ad4,الوكالة عقد يقيم بمقتضاه الموكل الوكيل مقام نفسه في تصرُّفٍ نظاميٍّ.,الصف يحمل عنوان ونص المادة الرسمية 480 (إزاحة +1),حرجة,استبدال العنوان والنص بالنص الرسمي للمادة 479
480,المادة الحادية والثمانون بعد الأربعمائة,481,cmpwigij102qvnxff5p20knbc,481,نعم,a1740,a9dd741c32fc821c,يصح أن تكون الوكالة مطلقةً أو مقيدةً أو معلقةً على شرط أو مضافةً إلى أجل.,الصف يحمل عنوان ونص المادة الرسمية 481 (إزاحة +1),حرجة,استبدال العنوان والنص بالنص الرسمي للمادة 480
481,المادة الثانية والثمانون بعد الأربعمائة,482,cmpwigiuj02qxnxff2gf9zdf0,482,نعم,a1741,97a693b3b7f5fd52,لا تصح الوكالة بألفاظ عامة لا تخصيص فيها لنوع التصرف النظامي محل الوكالة.,الصف يحمل عنوان ونص المادة الرسمية 482 (إزاحة +1),حرجة,استبدال العنوان والنص بالنص الرسمي للمادة 481
482,المادة الثالثة والثمانون بعد الأربعمائة,483,cmpwigjc102qznxfflfo3xrgz,483,نعم,a1742,8f89e40f5343471c,تصح الوكالة الخاصة في نوع معين من أنواع التصرفات النظامية ولو لم يعين محل هذا التصرف إلا إذا كان التصرف من التبرعات.,الصف يحمل عنوان ونص المادة الرسمية 483 (إزاحة +1),حرجة,استبدال العنوان والنص بالنص الرسمي للمادة 482
483,المادة الرابعة والثمانون بعد الأربعمائة,484,cmpwigjo802r1nxffu2ujgtfh,484,نعم,a1743,1f8b8b483b47d3a1,كل عمل ليس من أعمال الإدارة يجب أن تكون الوكالة فيه خاصة تُعيِّن نوع العمل وما تستلزمه الوكالة فيه من تصرفات.,الصف يحمل عنوان ونص المادة الرسمية 484 (إزاحة +1),حرجة,استبدال العنوان والنص بالنص الرسمي للمادة 483
484,المادة الخامسة والثمانون بعد الأربعمائة,485,cmpwigk0g02r3nxffvs4gm6wk,485,نعم,a1744,565cc7ee0ba42ade,تعد الإجازة اللاحقة للتصرف في حكم الوكالة السابقة له. الفرع الثاني: التزامات الوكيل,الصف يحمل عنوان ونص المادة الرسمية 485 (إزاحة +1),حرجة,استبدال العنوان والنص بالنص الرسمي للمادة 484
485,المادة السادسة والثمانون بعد الأربعمائة,486,cmpwigkcn02r5nxff5oswlinn,486,نعم,a1745,ef7534b6da4b24e9,يثبت للوكيل بمقتضى عقد الوكالة حق التصرف فيما يتناوله التوكيل وما يقتضيه من توابع ضرورية وفقًا لطبيعة التصرف ولما انصرفت,الصف يحمل عنوان ونص المادة الرسمية 486 (إزاحة +1),حرجة,استبدال العنوان والنص بالنص الرسمي للمادة 485
486,المادة السابعة والثمانون بعد الأربعمائة,487,cmpwigkot02r7nxffbajbtdk5,487,نعم,a1746,fb07607ca5b0d28a,إذا كانت الوكالة بلا أجر التزم الوكيل بأن يبذل في تنفيذها العناية التي يبذلها في أعماله الخاصة دون أن يكلف في ذلك أزيد م,الصف يحمل عنوان ونص المادة الرسمية 487 (إزاحة +1),حرجة,استبدال العنوان والنص بالنص الرسمي للمادة 486
487,المادة الثامنة والثمانون بعد الأربعمائة,488,cmpwigl0z02r9nxffpvck3kaj,488,نعم,a1747,101735a22ce9ec12,إذا تعدد الوكلاء، وكان لكل منهم عقد مستقل؛ فإن له الانفراد فيما وكل فيه إلا أن يشترط عليهم الموكل عدم الانفراد. إذا تعدد,الصف يحمل عنوان ونص المادة الرسمية 488 (إزاحة +1),حرجة,استبدال العنوان والنص بالنص الرسمي للمادة 487
488,المادة التاسعة والثمانون بعد الأربعمائة,489,cmpwigld602rbnxffeltr6ru4,489,نعم,a1748,8ad1a9eb97668c0b,لا يجوز للوكيل أن يوكل غيره فيما وكل فيه أو في بعضه إلا إذا كان مأذونًا له بذلك من قبل الموكل، ويعد الوكيل الثاني وكيلًا,الصف يحمل عنوان ونص المادة الرسمية 489 (إزاحة +1),حرجة,استبدال العنوان والنص بالنص الرسمي للمادة 488
489,المادة التسعون بعد الأربعمائة,490,cmpwiglpc02rdnxffc9czcsww,490,نعم,a1749,82aee633fdadbe7e,ليس للوكيل الذي وكل في شراء شيء دون بيان ثمنه أن يشتريه بأكثر من ثمن المثل.,الصف يحمل عنوان ونص المادة الرسمية 490 (إزاحة +1),حرجة,استبدال العنوان والنص بالنص الرسمي للمادة 489
490,المادة الحادية والتسعون بعد الأربعمائة,491,cmpwigm1j02rfnxffiksmvihy,491,نعم,a1750,6c5bb833d8c5e2a9,لا يجوز لمن وكل في شراء شيء معين بالذات أن يشتريه لنفسه، ويكون الشراء للموكل ولو صرح الوكيل بأنه يشتريه لنفسه. لا يجوز ل,الصف يحمل عنوان ونص المادة الرسمية 491 (إزاحة +1),حرجة,استبدال العنوان والنص بالنص الرسمي للمادة 490
491,المادة الثانية والتسعون بعد الأربعمائة,492,cmpwigmdp02rhnxff1ged6yad,492,نعم,a1751,7531a31ab57274d1,إذا اشترى الوكيل بغبن أو عين الموكل الثمن واشترى الوكيل بما يزيد عليه؛ انصرف العقد إذا لم يُجزه الموكل إلى الوكيل، وإذا ,الصف يحمل عنوان ونص المادة الرسمية 492 (إزاحة +1),حرجة,استبدال العنوان والنص بالنص الرسمي للمادة 491
492,المادة الثالثة والتسعون بعد الأربعمائة,493,cmpwigmpw02rjnxff47i2nxtj,493,نعم,a1752,a9a5d0d89cd2d25a,إذا دفع الوكيل في الشراء ثمن المبيع من ماله فله الرجوع به على موكله مع ما أنفقه في سبيل تنفيذ الوكالة بالقدر المعتاد.,الصف يحمل عنوان ونص المادة الرسمية 493 (إزاحة +1),حرجة,استبدال العنوان والنص بالنص الرسمي للمادة 492
493,المادة الرابعة والتسعون بعد الأربعمائة,494,cmpwign2202rlnxffpl8x9xrv,494,نعم,a1753,acaf18e5140266a8,إذا عين الموكل للوكيل في البيع ثمن المبيع فليس له أن يبيع بما يقل عنه، وإن لم يعين الثمن فليس له أن يبيع بأقل من ثمن الم,الصف يحمل عنوان ونص المادة الرسمية 494 (إزاحة +1),حرجة,استبدال العنوان والنص بالنص الرسمي للمادة 493
494,المادة الخامسة والتسعون بعد الأربعمائة,495,cmpwigne802rnnxffodmeyjat,495,نعم,a1754,79e76b4f6d3a6e3f,لا يجوز للوكيل في البيع أن يشتري لنفسه ما وكل في بيعه إلا بإذن موكله. لا يجوز للوكيل في البيع أن يبيع إلى أصوله أو فروعه,الصف يحمل عنوان ونص المادة الرسمية 495 (إزاحة +1),حرجة,استبدال العنوان والنص بالنص الرسمي للمادة 494
495,المادة السادسة والتسعون بعد الأربعمائة,496,cmpwignqe02rpnxff0borb638,496,نعم,a1755,08045a1d82a26263,ليس للوكيل في البيع أن يبيع مال موكله بثمن مؤجل إلا بإذن صريح أو ضمني. إذا باع الوكيل مؤجَّلًا فله أن يأخذ رهنًا أو كفيل,الصف يحمل عنوان ونص المادة الرسمية 496 (إزاحة +1),حرجة,استبدال العنوان والنص بالنص الرسمي للمادة 495
496,المادة السابعة والتسعون بعد الأربعمائة,497,cmpwigo2l02rrnxff8nxjc10h,497,نعم,a1756,57a1919580a80e27,على الوكيل أن يزود موكله بالمعلومات الضرورية عما وصل إليه في تنفيذ الوكالة، وأن يقدم له حسابًا عنها؛ ما لم يقتض الاتفاق ,الصف يحمل عنوان ونص المادة الرسمية 497 (إزاحة +1),حرجة,استبدال العنوان والنص بالنص الرسمي للمادة 496
497,المادة الثامنة والتسعون بعد الأربعمائة,498,cmpwigoes02rtnxff06i8s9zx,498,نعم,a1757,f41a262a975b542a,على الموكل أداء الأجر المتفق عليه للوكيل متى أنجز العمل، فإن لم يتفقا على دفع أجر وكان الوكيل ممن يعمل بأجر على سبيل الا,الصف يحمل عنوان ونص المادة الرسمية 498 (إزاحة +1),حرجة,استبدال العنوان والنص بالنص الرسمي للمادة 497
498,المادة التاسعة والتسعون بعد الأربعمائة,499,cmpwigoqy02rvnxffmviv23oa,499,نعم,a1758,f0d13b9401b5e588,يلتزم الموكل بأن يرد للوكيل ما أنفقه في سبيل تنفيذ الوكالة التنفيذ المعتاد.,الصف يحمل عنوان ونص المادة الرسمية 499 (إزاحة +1),حرجة,استبدال العنوان والنص بالنص الرسمي للمادة 498
499,المادة الخمسمائة,500,cmpwigp3702rxnxffjdprhz64,500,نعم,a1759,766b4a62c1ba4a46,يلتزم الموكل بكل ما ترتب في ذمة الوكيل بسبب تنفيذ الوكالة تنفيذًا معتادًا. يكون الموكل مسؤولًا عما يصيب الوكيل من ضرر بس,الصف يحمل عنوان ونص المادة الرسمية 500 (إزاحة +1),حرجة,استبدال العنوان والنص بالنص الرسمي للمادة 499
500,المادة الأولى بعد الخمسمائة,501,cmpwigpfd02rznxffytmje6gj,501,نعم,a1760,37d7f01775da654b,تسري أحكام النيابة في التعاقد -المنصوص عليها في هذا النظام- على علاقة الموكل والوكيل بالغير الذي يتعامل مع الوكيل. الفرع,الصف يحمل عنوان ونص المادة الرسمية 501 (إزاحة +1),حرجة,استبدال العنوان والنص بالنص الرسمي للمادة 500
501,المادة الثانية بعد الخمسمائة,502,cmpwigprk02s1nxff0kje38lp,502,نعم,a1761,6d72283ea671fee0,ينتهي عقد الوكالة بإنجاز العمل الموكل فيه، أو بانقضاء الأجل المعين للوكالة، أو بموت الموكّل أو الوكيل، أو بفقد أحدهما أه,الصف يحمل عنوان ونص المادة الرسمية 502 (إزاحة +1),حرجة,استبدال العنوان والنص بالنص الرسمي للمادة 501
502,المادة الثالثة بعد الخمسمائة,503,cmpwigq3q02s3nxff62wf2q8g,503,نعم,a1762,122732bce93770b6,للموكل أن يعزل وكيله أو يقيد وكالته متى أراد إلا إذا كانت صادرة لصالح الوكيل أو لصالح الغير فإنه لا يجوز للموكل أن يعزله,الصف يحمل عنوان ونص المادة الرسمية 503 (إزاحة +1),حرجة,استبدال العنوان والنص بالنص الرسمي للمادة 502
503,المادة الرابعة بعد الخمسمائة,504,cmpwigqfv02s5nxffqw7ei039,504,نعم,a1763,a3b1d5ba81f02067,إذا كانت الوكالة بأجر وعزل الموكل وكيله في وقت غير مناسب أو بغير مسوغ مقبول، لزمه تعويض الوكيل عن الضرر الذي يلحقه بسبب ,الصف يحمل عنوان ونص المادة الرسمية 504 (إزاحة +1),حرجة,استبدال العنوان والنص بالنص الرسمي للمادة 503
504,المادة الخامسة بعد الخمسمائة,505,cmpwigqs702s7nxfflb7j3k4m,505,نعم,a1764,fe77e73aa74e9b1d,للوكيل أن يتخلى عن الوكالة إذا لم تتعلق بها مصلحة للغير بشرط إعلام موكله بتخليه عنها. إذا تعلقت بالوكالة مصلحة للغير فلا,الصف يحمل عنوان ونص المادة الرسمية 505 (إزاحة +1),حرجة,استبدال العنوان والنص بالنص الرسمي للمادة 504
505,المادة السادسة بعد الخمسمائة,506,cmpwigr4e02s9nxffosbxzg79,506,نعم,a1765,20e6ccd46715d7f8,الإيداع عقد يحفظ بمقتضاه المودع لديه مال المودع على أن يرده بعينه.,الصف يحمل عنوان ونص المادة الرسمية 506 (إزاحة +1),حرجة,استبدال العنوان والنص بالنص الرسمي للمادة 505
506,المادة السابعة بعد الخمسمائة,507,cmpwigrgk02sbnxffpeybasqa,507,نعم,a1766,9ea5d866ce46d47a,ليس للمودع لديه أجر على حفظ الوديعة؛ ما لم يتفق على خلاف ذلك.,الصف يحمل عنوان ونص المادة الرسمية 507 (إزاحة +1),حرجة,استبدال العنوان والنص بالنص الرسمي للمادة 506
507,المادة الثامنة بعد الخمسمائة,508,cmpwigrsq02sdnxffc4mzkt5h,508,نعم,a1767,64105f2c1f6f24d5,إذا كان الإيداع بلا أجرٍ فلا ينعقد إلا بالقبض. الفرع الثاني: التزامات المودع لديه,الصف يحمل عنوان ونص المادة الرسمية 508 (إزاحة +1),حرجة,استبدال العنوان والنص بالنص الرسمي للمادة 507
508,المادة التاسعة بعد الخمسمائة,509,cmpwigs4w02sfnxffafw7oae9,509,نعم,a1768,ec2f759e5eda1dee,يلتزم المودع لديه بأن يبذل في حفظ الوديعة العناية التي يبذلها في حفظ ماله الخاص دون أن يكلف في ذلك أزيد من عناية الشخص ا,الصف يحمل عنوان ونص المادة الرسمية 509 (إزاحة +1),حرجة,استبدال العنوان والنص بالنص الرسمي للمادة 508
509,المادة العاشرة بعد الخمسمائة,510,cmpwigshd02shnxff1dygtrqs,510,نعم,a1769,33da1ad10dbbdd82,ليس للمودع لديه أن يودع الوديعة لدى الغير دون إذن المودع إلا إذا كان مضطرًّا، وعليه استعادتها بعد زوال السبب.,الصف يحمل عنوان ونص المادة الرسمية 510 (إزاحة +1),حرجة,استبدال العنوان والنص بالنص الرسمي للمادة 509
510,المادة الحادية عشرة بعد الخمسمائة,511,cmpwigstk02sjnxff376vi8mt,511,نعم,a1770,8d69677eba666f5b,لا يجوز للمودع لديه أن يستعمل الوديعة أو يرتب عليها حقًّا للغير دون إذن المودع. الفرع الثالث: التزامات المودع,الصف يحمل عنوان ونص المادة الرسمية 511 (إزاحة +1),حرجة,استبدال العنوان والنص بالنص الرسمي للمادة 510
511,المادة الثانية عشرة بعد الخمسمائة,512,cmpwigt5r02slnxff5oldz3i7,512,نعم,a1771,7b05641a728926b1,إذا كان الإيداع بأجر فعلى المودع أن يؤدي الأجر المتفق عليه في الوقت الذي انتهى فيه حفظ الوديعة، ما لم يتفق على خلاف ذلك.,الصف يحمل عنوان ونص المادة الرسمية 512 (إزاحة +1),حرجة,استبدال العنوان والنص بالنص الرسمي للمادة 511
512,المادة الثالثة عشرة بعد الخمسمائة,513,cmpwigthz02snnxffxuqiobtd,513,نعم,a1772,72e7f21f3be12988,يلتزم المودع بأن يؤدي إلى المودع لديه ما أنفقه من نفقة يقتضيها حفظ الوديعة، ما لم يتفق على خلاف ذلك. إذا كان المودع غائب,الصف يحمل عنوان ونص المادة الرسمية 513 (إزاحة +1),حرجة,استبدال العنوان والنص بالنص الرسمي للمادة 512
513,المادة الرابعة عشرة بعد الخمسمائة,514,cmpwigtu802spnxfflv42huee,514,نعم,a1773,6529e52233c427f9,يلتزم المودع بدفع نفقات رد الوديعة وتسليمها، وكذلك تعويض المودع لديه عن أيّ ضرر لحقه بسبب الوديعة ما لم يكن ناشئًا عن تع,الصف يحمل عنوان ونص المادة الرسمية 514 (إزاحة +1),حرجة,استبدال العنوان والنص بالنص الرسمي للمادة 513
514,المادة الخامسة عشرة بعد الخمسمائة,515,cmpwigu6f02srnxffjzrj497w,515,نعم,a1774,6b9c9d7fd238d81a,إذا كان الإيداع بلا أجر فللمودع لديه رد الوديعة وللمودع استردادها في أي وقت؛ على ألا يكون في وقت غير مناسب. إذا كان الإي,الصف يحمل عنوان ونص المادة الرسمية 515 (إزاحة +1),حرجة,استبدال العنوان والنص بالنص الرسمي للمادة 514
515,المادة السادسة عشرة بعد الخمسمائة,516,cmpwiguil02stnxfftl2wep2s,516,نعم,a1775,c78ba053c1b96b3b,ينتهي عقد الإيداع بانقضاء الأجل المتفق عليه، أو برد الوديعة رضاءً أو قضاءً، أو بموت المودع لديه؛ ما لم يُتفق على خلاف ذل,الصف يحمل عنوان ونص المادة الرسمية 516 (إزاحة +1),حرجة,استبدال العنوان والنص بالنص الرسمي للمادة 515
516,المادة السابعة عشرة بعد الخمسمائة,517,cmpwiguur02svnxfftg50bvm5,517,نعم,a1776,2b09de868af1f388,الحراسة عقدٌ يتولى بمقتضاه الحارس حفظ مالٍ متنازع فيه وإدارته ورده مع غلته إلى من يثبت له الحق فيه.,الصف يحمل عنوان ونص المادة الرسمية 517 (إزاحة +1),حرجة,استبدال العنوان والنص بالنص الرسمي للمادة 516
517,المادة الثامنة عشرة بعد الخمسمائة,518,cmpwigvcy02sxnxffe9bluy7x,518,نعم,a1777,09a9fbee683dce33,يعين الحارس باتفاق ذوي الشأن على تعيينه، فإن لم يتفقوا فللمحكمة تعيينه إذا رأت أن في بقاء المال في يد حائزه خطرًا عاجلًا,الصف يحمل عنوان ونص المادة الرسمية 518 (إزاحة +1),حرجة,استبدال العنوان والنص بالنص الرسمي للمادة 517
518,المادة التاسعة عشرة بعد الخمسمائة,519,cmpwigvp402sznxff6jinqszs,519,نعم,a1778,b858f660ebd116d7,إذا اتفق ذوو الشأن على تسليم المال لحارسين أو أكثر فلا يجوز لأحدهم الانفراد بحفظ المال أو إدارته أو التصرف في الغلة دون ,الصف يحمل عنوان ونص المادة الرسمية 519 (إزاحة +1),حرجة,استبدال العنوان والنص بالنص الرسمي للمادة 518
519,المادة العشرون بعد الخمسمائة,520,cmpwigw1g02t1nxff0irowy2u,520,نعم,a1779,0a073f1cd9c32b80,يحدد عقد الحراسة أو الحكم الصادر بها التزامات الحارس وحقوقه، وإلا فتطبق في ذلك الأحكام المنصوص عليها في هذا الفصل وأحكام,الصف يحمل عنوان ونص المادة الرسمية 520 (إزاحة +1),حرجة,استبدال العنوان والنص بالنص الرسمي للمادة 519
520,المادة الحادية والعشرون بعد الخمسمائة,521,cmpwigwdn02t3nxffxxf85fh1,521,نعم,a1780,f309e9d54fb9efc2,يلتزم الحارس بأن يبذل في حفظ الأموال المعهودة إليه حراستها وفي إدارتها عناية الشخص المعتاد.,الصف يحمل عنوان ونص المادة الرسمية 521 (إزاحة +1),حرجة,استبدال العنوان والنص بالنص الرسمي للمادة 520
521,المادة الثانية والعشرون بعد الخمسمائة,522,cmpwigwpt02t5nxff88iqyg0k,522,نعم,a1781,c187fdce4795bc25,لا يجوز للحارس في غير أعمال الحفظ والإدارة أن يتصرف في الأموال المعهودة إليه حراستها إلا برضى ذوي الشأن، أو بإذن من المح,الصف يحمل عنوان ونص المادة الرسمية 522 (إزاحة +1),حرجة,استبدال العنوان والنص بالنص الرسمي للمادة 521
522,المادة الثالثة والعشرون بعد الخمسمائة,523,cmpwigx1z02t7nxffavk6lfao,523,نعم,a1782,344f9a112792fe91,يلتزم الحارس بأن يقدم لذوي الشأن المعلومات التي تتعلق بتنفيذ مهمته، وأن يقدم حسابًا عنها في المواعيد وبالطريقة التي يتفق,الصف يحمل عنوان ونص المادة الرسمية 523 (إزاحة +1),حرجة,استبدال العنوان والنص بالنص الرسمي للمادة 522
523,المادة الرابعة والعشرون بعد الخمسمائة,524,cmpwigxe702t9nxffwmizpu7v,524,نعم,a1783,5dde3959a9dd29a3,للحارس أن يسترد المبالغ التي أنفقها في أداء عمله بالقدر المتعارف عليه.,الصف يحمل عنوان ونص المادة الرسمية 524 (إزاحة +1),حرجة,استبدال العنوان والنص بالنص الرسمي للمادة 523
524,المادة الخامسة والعشرون بعد الخمسمائة,525,cmpwigxqe02tbnxffd4ae7i4p,525,نعم,a1784,80409c7a82a68eae,يستحق الحارس الأجر المتفق عليه بأداء العمل فإن لم يُتفق على دفع أجرٍ كان له أجر المثل.,الصف يحمل عنوان ونص المادة الرسمية 525 (إزاحة +1),حرجة,استبدال العنوان والنص بالنص الرسمي للمادة 524
525,المادة السادسة والعشرون بعد الخمسمائة,526,cmpwigy2k02tdnxff87yu61ay,526,نعم,a1785,5befdfa00e857672,إذا كان الحارس متبرعًا فله أن يتخلى عن مهمته متى أراد، على أن يبلغ ذوي الشأن وأن يتابع القيام بالأعمال التي بدأها حتى يب,الصف يحمل عنوان ونص المادة الرسمية 526 (إزاحة +1),حرجة,استبدال العنوان والنص بالنص الرسمي للمادة 525
526,المادة السابعة والعشرون بعد الخمسمائة,527,cmpwigyeq02tfnxffq5m9v8b4,527,نعم,a1786,a2b498610652ef17,تنتهي الحراسة باتفاق ذوي الشأن، أو بحكم المحكمة، أو بانتهاء مدتها إن كانت محددة المدة. على الحارس عند انتهاء الحراسة أن ,الصف يحمل عنوان ونص المادة الرسمية 527 (إزاحة +1),حرجة,استبدال العنوان والنص بالنص الرسمي للمادة 526
527,المادة الثامنة والعشرون بعد الخمسمائة,528,cmpwigyqw02thnxff317soeap,528,نعم,a1787,c059c88720035781,يجب أن تكون عقود المشاركة الواردة في هذا الباب مكتوبة، وإلا كانت باطلة، ولا يجوز أن يحتج المتعاقد بالبطلان تجاه الغير، و,الصف يحمل عنوان ونص المادة الرسمية 528 (إزاحة +1),حرجة,استبدال العنوان والنص بالنص الرسمي للمادة 527
528,المادة التاسعة والعشرون بعد الخمسمائة,529,cmpwigz3402tjnxffou5e8t3g,529,نعم,a1788,aa1ca8eb49d7f36e,الشركة عقد يسهم بمقتضاه شريكان أو أكثر بتقديم حصة من مال أو عمل أو منهما معًا في مشروع لاقتسام ما ينشأ عنه من ربح أو خسا,الصف يحمل عنوان ونص المادة الرسمية 529 (إزاحة +1),حرجة,استبدال العنوان والنص بالنص الرسمي للمادة 528
529,المادة الثلاثون بعد الخمسمائة,530,cmpwigzfa02tlnxffro5nh7bt,530,نعم,a1789,b5a5e6d825056d4e,لا يصح أن تكون الحصة أو بعضها ما للشريك من نفوذ أو سمعة أو ثقة مالية. إذا كانت حصة الشريك غير نقدية، قُدرت الحصة بقيمتها,الصف يحمل عنوان ونص المادة الرسمية 530 (إزاحة +1),حرجة,استبدال العنوان والنص بالنص الرسمي للمادة 529
530,المادة الحادية والثلاثون بعد الخمسمائة,531,cmpwigzrg02tnnxff6vxu8rq6,531,نعم,a1790,d2e114b757b0bdcf,يصح أن تقوم الشركة على أساس تضامن الشركاء فيما يلتزمون به في ذممهم من مال أو عملٍ لمصلحة الشركة، وتكون حصة كل منهم في رأ,الصف يحمل عنوان ونص المادة الرسمية 531 (إزاحة +1),حرجة,استبدال العنوان والنص بالنص الرسمي للمادة 530
531,المادة الثانية والثلاثون بعد الخمسمائة,532,cmpwih03n02tpnxff4uqin367,532,نعم,a1791,03957d79a9f0e6de,تتحدد حصة كل شريك بالحصة التي التزم بها في عقد الشركة، ولا يجوز للشريك زيادة حصته عن الحصة المحددة في عقد الشركة إلا بمو,الصف يحمل عنوان ونص المادة الرسمية 532 (إزاحة +1),حرجة,استبدال العنوان والنص بالنص الرسمي للمادة 531
532,المادة الثالثة والثلاثون بعد الخمسمائة,533,cmpwih0fv02trnxffzgj709c2,533,نعم,a1792,50583baefc49a9cf,إذا كانت حصة الشريك حق ملكية أو أي حق عينيّ آخر فإن أحكام البيع هي التي تسري على ضمان الحصة إذا هلكت أو استحقت أو ظهر في,الصف يحمل عنوان ونص المادة الرسمية 533 (إزاحة +1),حرجة,استبدال العنوان والنص بالنص الرسمي للمادة 532
533,المادة الرابعة والثلاثون بعد الخمسمائة,534,cmpwih0s102ttnxffc9gi0bzh,534,نعم,a1793,6aa34313cea8717d,تكون قسمة الأرباح بين الشركاء بنسبة حصة كل شريك في الشركة، ما لم يتفق على خلاف ذلك. توزع الخسائر بين الشركاء بنسبة حصة ك,الصف يحمل عنوان ونص المادة الرسمية 534 (إزاحة +1),حرجة,استبدال العنوان والنص بالنص الرسمي للمادة 533
534,المادة الخامسة والثلاثون بعد الخمسمائة,535,cmpwih14702tvnxffnd3255ox,535,نعم,a1794,415825f680e5dbcf,لا يصح اشتراط أن يكون نصيب الشريك من الربح مبلغًا محدَّدًا، أو أنه لا يستفيد من الربح أو يُعفى من الخسارة.,الصف يحمل عنوان ونص المادة الرسمية 535 (إزاحة +1),حرجة,استبدال العنوان والنص بالنص الرسمي للمادة 534
535,المادة السادسة والثلاثون بعد الخمسمائة,536,cmpwih1ge02txnxffohdza968,536,نعم,a1795,03979f95fbb77baa,للشركاء الاتفاق على طريقة توزيع الأرباح ومواعيد استحقاقها، على أن يكون التوزيع بعد سلامة رأس المال.,الصف يحمل عنوان ونص المادة الرسمية 536 (إزاحة +1),حرجة,استبدال العنوان والنص بالنص الرسمي للمادة 535
536,المادة السابعة والثلاثون بعد الخمسمائة,537,cmpwih1sk02tznxfffixevog3,537,نعم,a1796,efdaa2809caa9220,للشركاء أن يعينوا منهم أو من غيرهم من يدير أموال الشركة ويتصرف فيها نيابة عنهم. إذا لم يعين الشركاء من يدير أموال الشركة,الصف يحمل عنوان ونص المادة الرسمية 537 (إزاحة +1),حرجة,استبدال العنوان والنص بالنص الرسمي للمادة 536
537,المادة الثامنة والثلاثون بعد الخمسمائة,538,cmpwih24q02u1nxfftwlbxodi,538,نعم,a1797,a885a8e38f798a7b,لكل شريك أو من يفوضه الاطلاع على دفاتر الشركة ومستنداتها، ويقع باطلًا كل اتفاق على خلاف ذلك.,الصف يحمل عنوان ونص المادة الرسمية 538 (إزاحة +1),حرجة,استبدال العنوان والنص بالنص الرسمي للمادة 537
538,المادة التاسعة والثلاثون بعد الخمسمائة,539,cmpwih2gw02u3nxffvf32801p,539,نعم,a1798,27a925f1c0d2c468,يلتزم من يدير الشركة أو يتصرف في أموالها نيابة عن الشركاء ببذل العناية التي يبذلها في أعماله الخاصة، إلا إن كان يتقاضى ع,الصف يحمل عنوان ونص المادة الرسمية 539 (إزاحة +1),حرجة,استبدال العنوان والنص بالنص الرسمي للمادة 538
539,المادة الأربعون بعد الخمسمائة,540,cmpwih2t202u5nxffbv368hyt,540,نعم,a1799,cb0e90843f3b5cca,لا يجوز لمن يتولى إدارة الشركة أو يتصرف في أموالها نيابة عن الشركاء هبة شيء من مال الشركة ولا إقراضه؛ ما لم يكن مأذونًا ,الصف يحمل عنوان ونص المادة الرسمية 540 (إزاحة +1),حرجة,استبدال العنوان والنص بالنص الرسمي للمادة 539
540,المادة الحادية والأربعون بعد الخمسمائة,541,cmpwih35802u7nxffktu0x7dr,541,نعم,a1800,b37e3c41ac5e7f10,ليس للشريك أن يحتجز لنفسه شيئًا من أموال الشركة ولا أن يستخدمه لنفسه وإلا كان ملزمًا بتعويض الشركاء عن أي ضرر ينشأ بسبب ,الصف يحمل عنوان ونص المادة الرسمية 541 (إزاحة +1),حرجة,استبدال العنوان والنص بالنص الرسمي للمادة 540
541,المادة الثانية والأربعون بعد الخمسمائة,542,cmpwih3he02u9nxffb7vn3kli,542,نعم,a1801,9ede26954b04f577,للدائن الشخصي للشريك أن يطلب استيفاء حقه من نصيب الشريك المدين من الأرباح القابلة للتوزيع أو من نصيبه في مال الشركة بعد ,الصف يحمل عنوان ونص المادة الرسمية 542 (إزاحة +1),حرجة,استبدال العنوان والنص بالنص الرسمي للمادة 541
542,المادة الثالثة والأربعون بعد الخمسمائة,543,cmpwih3tk02ubnxffy3pjc9ym,543,نعم,a1802,6e3eb71a8b6bb372,مع مراعاة أحكام المادة (الحادية والتسعين) من هذا النظام، إذا ترتب على أعمال الشركة دين متصل بأغراضها ولم تفِ به أموالها؛,الصف يحمل عنوان ونص المادة الرسمية 543 (إزاحة +1),حرجة,استبدال العنوان والنص بالنص الرسمي للمادة 542
543,المادة الرابعة والأربعون بعد الخمسمائة,544,cmpwih45p02udnxffm0nmpdvz,544,نعم,a1803,9a20fe7c1e05714e,ينتهي عقد الشركة بانقضاء الغرض الذي أنشئت من أجله أو بانقضاء مدته، ويجوز باتفاق الشركاء مد أجله قبل انقضاء المدة. إذا ان,الصف يحمل عنوان ونص المادة الرسمية 544 (إزاحة +1),حرجة,استبدال العنوان والنص بالنص الرسمي للمادة 543
544,المادة الخامسة والأربعون بعد الخمسمائة,545,cmpwih4hv02ufnxffl0j2o4mh,545,نعم,a1804,4d030b4001646d91,إذا كانت مدة الشركة غير معينة جاز للشريك أن ينسحب منها في أي وقت على أن يعلم جميع الشركاء -كتابة- بإرادته الانسحاب قبل ح,الصف يحمل عنوان ونص المادة الرسمية 545 (إزاحة +1),حرجة,استبدال العنوان والنص بالنص الرسمي للمادة 544
545,المادة السادسة والأربعون بعد الخمسمائة,546,cmpwih4uc02uhnxffuqj3ny54,546,نعم,a1805,03aa0f5546bf48b5,للشركاء الاتفاق في عقد الشركة على كيفية إخراج أي من الشركاء منها وإجراءات ذلك. لأيٍّ من الشركاء أن يطلب من المحكمة إخراج,الصف يحمل عنوان ونص المادة الرسمية 546 (إزاحة +1),حرجة,استبدال العنوان والنص بالنص الرسمي للمادة 545
546,المادة السابعة والأربعون بعد الخمسمائة,547,cmpwih56h02ujnxffhp6oo9kp,547,نعم,a1806,6cffec717fe88d93,ينتهي عقد الشركة بموت أحد الشركاء أو الحجر عليه أو إعساره أو افتتاح إجراء التصفية له أو انسحابه. يجوز الاتفاق على أنه إذ,الصف يحمل عنوان ونص المادة الرسمية 547 (إزاحة +1),حرجة,استبدال العنوان والنص بالنص الرسمي للمادة 546
547,المادة الثامنة والأربعون بعد الخمسمائة,548,cmpwih5in02ulnxff8ucikt7o,548,نعم,a1807,08e516cc812e250f,إذا انتهت الشركة في حق أحد الشركاء واستمرت بين الباقين، قُدِّر نصيب الشريك الذي انتهت الشركة في حقه بحسب قيمته وقت حصول ,الصف يحمل عنوان ونص المادة الرسمية 548 (إزاحة +1),حرجة,استبدال العنوان والنص بالنص الرسمي للمادة 547
548,المادة التاسعة والأربعون بعد الخمسمائة,549,cmpwih5uy02unnxffi7zv49nu,549,نعم,a1808,fec3f1a9c0ad01a5,تُصفّى أموال الشركة وتقسم وفق الإجراءات التي اتفق عليها الشركاء. إذا لم يتفق الشركاء على إجراءات التصفية جاز لكل من له م,الصف يحمل عنوان ونص المادة الرسمية 549 (إزاحة +1),حرجة,استبدال العنوان والنص بالنص الرسمي للمادة 548
549,المادة الخمسون بعد الخمسمائة,550,cmpwih67302upnxff35nd5wj1,550,نعم,a1809,38f90f5155e2bb71,المضاربة عقد يسلم رب المال بمقتضاه مالًا لمن يعمل فيه بجزء شائع من الربح.,الصف يحمل عنوان ونص المادة الرسمية 550 (إزاحة +1),حرجة,استبدال العنوان والنص بالنص الرسمي للمادة 549
550,المادة الحادية والخمسون بعد الخمسمائة,551,cmpwih6j902urnxff81k3wnht,551,نعم,a1810,4aeea998fecb21d3,يصح أن يكون رأس مال المضاربة الدين الذي لرب المال في ذمة المضارب. إذا كان ما قدمه رب المال للمضاربة مالًا من غير النقد ف,الصف يحمل عنوان ونص المادة الرسمية 551 (إزاحة +1),حرجة,استبدال العنوان والنص بالنص الرسمي للمادة 550
551,المادة الثانية والخمسون بعد الخمسمائة,552,cmpwih71k02utnxfflvybnmgt,552,نعم,a1811,7983ab8b02645811,يلتزم رب المال بتسليم مال المضاربة للمضارب وتمكينه من إدارته والتصرف فيه.,الصف يحمل عنوان ونص المادة الرسمية 552 (إزاحة +1),حرجة,استبدال العنوان والنص بالنص الرسمي للمادة 551
552,المادة الثالثة والخمسون بعد الخمسمائة,553,cmpwih7dr02uvnxffvfgt2re6,553,نعم,a1812,69043d7bf7b4203a,يثبت للمضارب بعد تسليم رأس المال إليه حق الإدارة والتصرف فيه وفق أحكام المواد (التاسعة والثلاثين بعد الخمسمائة) و(الأربع,الصف يحمل عنوان ونص المادة الرسمية 553 (إزاحة +1),حرجة,استبدال العنوان والنص بالنص الرسمي للمادة 552
553,المادة الرابعة والخمسون بعد الخمسمائة,554,cmpwih7pz02uxnxffrfhdb8qh,554,نعم,a1813,f6e4b3f391570639,على المضارب أن يزود رب المال بالمعلومات المتعلقة بأعمال المضاربة وأن يقدم له حسابًا عنها عند انتهاء مدتها، وإذا كان العق,الصف يحمل عنوان ونص المادة الرسمية 554 (إزاحة +1),حرجة,استبدال العنوان والنص بالنص الرسمي للمادة 553
554,المادة الخامسة والخمسون بعد الخمسمائة,555,cmpwih82702uznxffozvvjp3l,555,نعم,a1814,81f091c899518fee,إذا كان عقد المضاربة مقيدًا بزمان أو مكان أو نوع من العمل أو غير ذلك؛ لزم المضارب ما قُيّد به العقد. إذا كان عقد المضارب,الصف يحمل عنوان ونص المادة الرسمية 555 (إزاحة +1),حرجة,استبدال العنوان والنص بالنص الرسمي للمادة 554
555,المادة السادسة والخمسون بعد الخمسمائة,556,cmpwih8ee02v1nxffy12n7qkr,556,نعم,a1815,a79e014ec450bf92,لا يجوز للمضارب أن يخلط مال المضاربة بماله ولا أن يسلمه للغير مضاربة، إلا إذا جرى العرف بذلك أو كان رب المال قد فوضه الع,الصف يحمل عنوان ونص المادة الرسمية 556 (إزاحة +1),حرجة,استبدال العنوان والنص بالنص الرسمي للمادة 555
556,المادة السابعة والخمسون بعد الخمسمائة,557,cmpwih8qk02v3nxffa3g3v3qd,557,نعم,a1816,fa2a86e7ce315a1e,يتحمل رب المال وحده نقص رأس المال، ويقع باطلًا كل شرط يقضي بخلاف ذلك. إذا نقص رأس المال في يد المضارب من غير تعد ولا تقص,الصف يحمل عنوان ونص المادة الرسمية 557 (إزاحة +1),حرجة,استبدال العنوان والنص بالنص الرسمي للمادة 556
557,المادة الثامنة والخمسون بعد الخمسمائة,558,cmpwih92q02v5nxffc9sldxb6,558,نعم,a1817,6f12d3aea3909f40,يتحدد نصيب كل من المتعاقدين من الربح بحسب الاتفاق. إذا لم يوجد اتفاق على تحديد نصيب كل من المتعاقدين من الربح؛ تحدد بحسب,الصف يحمل عنوان ونص المادة الرسمية 558 (إزاحة +1),حرجة,استبدال العنوان والنص بالنص الرسمي للمادة 557
558,المادة التاسعة والخمسون بعد الخمسمائة,559,cmpwih9ew02v7nxffs0mygskc,559,نعم,a1818,6cc03ac0f59b94e5,لا يصح في عقد المضاربة اشتراط مبلغ محدد من الربح لأحد المتعاقدين. يصح الاتفاق على أن يكون الربح مقاسمة بين المتعاقدين وم,الصف يحمل عنوان ونص المادة الرسمية 559 (إزاحة +1),حرجة,استبدال العنوان والنص بالنص الرسمي للمادة 558
559,المادة الستون بعد الخمسمائة,560,cmpwih9r202v9nxffnet4b7g4,560,نعم,a1819,0c415917ba40b2c8,يستحق المتعاقد نصيبه من الربح عند انتهاء المضاربة، ما لم يوجد اتفاق على تقييم المضاربة وتعيين ما يستحقه كل من المتعاقدين,الصف يحمل عنوان ونص المادة الرسمية 560 (إزاحة +1),حرجة,استبدال العنوان والنص بالنص الرسمي للمادة 559
560,المادة الحادية والستون بعد الخمسمائة,561,cmpwiha3a02vbnxffbusihsxq,561,نعم,a1820,e274b9eaa1e29fd7,ينتهي عقد المضاربة بانقضاء الأجل إذا كان العقد معين المدة، أو بانتهاء العمل الذي عقدت المضاربة من أجله.,الصف يحمل عنوان ونص المادة الرسمية 561 (إزاحة +1),حرجة,استبدال العنوان والنص بالنص الرسمي للمادة 560
561,المادة الثانية والستون بعد الخمسمائة,562,cmpwihafh02vdnxffw6cdza1g,562,نعم,a1821,235ee2dcd20ceb3b,إذا كان عقد المضاربة غير معين المدة؛ جاز للمتعاقد أن ينسحب منه في أي وقت على أن يعلم المتعاقد الآخر بإرادته الانسحاب قبل,الصف يحمل عنوان ونص المادة الرسمية 562 (إزاحة +1),حرجة,استبدال العنوان والنص بالنص الرسمي للمادة 561
562,المادة الثالثة والستون بعد الخمسمائة,563,cmpwiharn02vfnxffjwqa2qp2,563,نعم,a1822,8e813e25700cb72a,يلزم المضارب إذا انتهى عقد المضاربة أن يصل بالأعمال التي بدأها إلى حالٍ لا تتعرض معها أموال المضاربة أو أرباحها للتلف أو,الصف يحمل عنوان ونص المادة الرسمية 563 (إزاحة +1),حرجة,استبدال العنوان والنص بالنص الرسمي للمادة 562
563,المادة الرابعة والستون بعد الخمسمائة,564,cmpwihb3t02vhnxffncs710cf,564,نعم,a1823,31615c2a8682140a,يلتزم المضارب عند انتهاء عقد المضاربة بأن يرد إلى رب المال نصيبه من مال المضاربة. إذا تأخر المضارب في الرد دون مسوغٍ مقب,الصف يحمل عنوان ونص المادة الرسمية 564 (إزاحة +1),حرجة,استبدال العنوان والنص بالنص الرسمي للمادة 563
564,المادة الخامسة والستون بعد الخمسمائة,565,cmpwihbfz02vjnxff3637poaf,565,نعم,a1824,c7c8b2d8044ef83a,ينتهي عقد المضاربة بموت أحد المتعاقدين أو الحجر عليه أو إعساره أو افتتاح إجراء التصفية له. إذا انتهى عقد المضاربة بموت ا,الصف يحمل عنوان ونص المادة الرسمية 565 (إزاحة +1),حرجة,استبدال العنوان والنص بالنص الرسمي للمادة 564
565,المادة السادسة والستون بعد الخمسمائة,566,cmpwihbs402vlnxffhau50yx0,566,نعم,a1825,cb76b102a0c69ba4,المشاركة في الناتج عقد يسلم رب المال بمقتضاه شيئًا غير قابل للاستهلاك لمن يستغله مقابل جزء شائع من الناتج.,الصف يحمل عنوان ونص المادة الرسمية 566 (إزاحة +1),حرجة,استبدال العنوان والنص بالنص الرسمي للمادة 565
566,المادة السابعة والستون بعد الخمسمائة,567,cmpwihc4b02vnnxffj2yf6odq,567,نعم,a1826,2cf97b14c12d8f3f,يلزم رب المال تمكين العامل من العمل وفق المتفق عليه، ويلزم العامل بذل عناية الشخص المعتاد في العمل والمحافظة على المال. ,الصف يحمل عنوان ونص المادة الرسمية 567 (إزاحة +1),حرجة,استبدال العنوان والنص بالنص الرسمي للمادة 566
567,المادة الثامنة والستون بعد الخمسمائة,568,cmpwihcgi02vpnxff1zl2pi9z,568,نعم,a1827,639b3fe11f8887a8,يستحق كل متعاقد نصيبه من الناتج بتحققه، ويجوز الاتفاق على طريقة حساب الناتج ومواعيد استحقاقه. إذا انتهى عقد المشاركة في ,الصف يحمل عنوان ونص المادة الرسمية 568 (إزاحة +1),حرجة,استبدال العنوان والنص بالنص الرسمي للمادة 567
568,المادة التاسعة والستون بعد الخمسمائة,569,cmpwihcsn02vrnxffmg21knsu,569,نعم,a1828,b104662733ee3c5a,إذا أبطل عقد المشاركة في الناتج، فالناتج لرب المال وللعامل أجر مثل عمله ما لم تكن المواد التي تولد منها الناتج من العامل,الصف يحمل عنوان ونص المادة الرسمية 569 (إزاحة +1),حرجة,استبدال العنوان والنص بالنص الرسمي للمادة 568
569,المادة السبعون بعد الخمسمائة,570,cmpwihd4u02vtnxffbefd6kta,570,نعم,a1829,296e2edec7ad59d1,ينتهي عقد المشاركة في الناتج بانقضاء الأجل، أو بإنجاز العمل. ينتهي عقد المشاركة في الناتج بموت العامل إن كان مقصودًا لشخ,الصف يحمل عنوان ونص المادة الرسمية 570 (إزاحة +1),حرجة,استبدال العنوان والنص بالنص الرسمي للمادة 569
570,المادة الحادية والسبعون بعد الخمسمائة,571,cmpwihdh502vvnxff8zhy1vv9,571,نعم,a1830,68d00bea178a6870,المشاركة الزراعية عقد تسلم بمقتضاه أرض أو شجر لمن يعمل عليها مزارعة أو مساقاة مقابل جزءٍ شائع من الناتج.,الصف يحمل عنوان ونص المادة الرسمية 571 (إزاحة +1),حرجة,استبدال العنوان والنص بالنص الرسمي للمادة 570
571,المادة الثانية والسبعون بعد الخمسمائة,572,cmpwihdtc02vxnxffly8px9e3,572,نعم,a1831,24cda6b0576567f9,يصح في عقد المشاركة الزراعية أن يكون البذر أو الغراس من رب المال أو من العامل أو منهما جميعًا.,الصف يحمل عنوان ونص المادة الرسمية 572 (إزاحة +1),حرجة,استبدال العنوان والنص بالنص الرسمي للمادة 571
572,المادة الثالثة والسبعون بعد الخمسمائة,573,cmpwihe5j02vznxffqf0skd47,573,نعم,a1832,ba25865bcc5009df,لا يصح اشتراط أن يكون نصيب أحد المتعاقدين مقدارًا غير شائع من الناتج أو ناتج موضع معين من الأرض أو الشجر.,الصف يحمل عنوان ونص المادة الرسمية 573 (إزاحة +1),حرجة,استبدال العنوان والنص بالنص الرسمي للمادة 572
573,المادة الرابعة والسبعون بعد الخمسمائة,574,cmpwihehp02w1nxffk7pfcvzf,574,نعم,a1833,52c3c48abae0f7f1,إذا لم تُعين مدة عقد المشاركة الزراعية أو عُيِّنت مدة لا تحتمل بلوغ الحصاد أو الجذاذ؛ تعيَّنت مدة العقد بدورة زراعية واح,الصف يحمل عنوان ونص المادة الرسمية 574 (إزاحة +1),حرجة,استبدال العنوان والنص بالنص الرسمي للمادة 573
574,المادة الخامسة والسبعون بعد الخمسمائة,575,cmpwihetv02w3nxff9uehiwwl,575,نعم,a1834,bbacad449e93fdc6,إذا امتنع العامل عن إتمام العمل جاز لرب المال -بعد إعذاره العامل- أن يستأجر على نفقة العامل من يكمل العمل وفق أحكام الما,الصف يحمل عنوان ونص المادة الرسمية 575 (إزاحة +1),حرجة,استبدال العنوان والنص بالنص الرسمي للمادة 574
575,المادة السادسة والسبعون بعد الخمسمائة,576,cmpwihf6102w5nxffndrzkvbq,576,نعم,a1835,a18ea6159c99932a,يستحق كل متعاقد نصيبه من الناتج بظهوره، فإذا انقضت المدة قبل ظهوره لم يستحق أحد المتعاقدين شيئًا على الآخر. وإذا انقضت ب,الصف يحمل عنوان ونص المادة الرسمية 576 (إزاحة +1),حرجة,استبدال العنوان والنص بالنص الرسمي للمادة 575
576,المادة السابعة والسبعون بعد الخمسمائة,577,cmpwihfi802w7nxff45dd24nz,577,نعم,a1836,390209e0100e9bef,للعامل طلب فسخ عقد المشاركة الزراعية إذا حدث له عذر طارئ قبل ظهور الناتج يتعلق بتنفيذ العقد، ويستحق أجر مثل عمله وقيمة م,الصف يحمل عنوان ونص المادة الرسمية 577 (إزاحة +1),حرجة,استبدال العنوان والنص بالنص الرسمي للمادة 576
577,المادة الثامنة والسبعون بعد الخمسمائة,578,cmpwihfue02w9nxff2ns8plox,578,نعم,a1837,d2fa0b41cda772f5,الكفالة عقدٌ يلتزم بمقتضاه الكفيل للدائن بأن يفي بالتزام على المدين إذا لم يَفِ به المدين نفسه.,الصف يحمل عنوان ونص المادة الرسمية 578 (إزاحة +1),حرجة,استبدال العنوان والنص بالنص الرسمي للمادة 577
578,المادة التاسعة والسبعون بعد الخمسمائة,579,cmpwihg6l02wbnxffu6r3qhv3,579,نعم,a1838,b921aced3b24da6a,تنعقد الكفالة بين الكفيل والدائن، ويعد سكوت الدائن إذا وجه إليه الإيجاب قبولًا للكفالة. لا يتوقف انعقاد الكفالة على قبول,الصف يحمل عنوان ونص المادة الرسمية 579 (إزاحة +1),حرجة,استبدال العنوان والنص بالنص الرسمي للمادة 578
579,المادة الثمانون بعد الخمسمائة,580,cmpwihgir02wdnxffvhn033tx,580,نعم,a1839,c4ed32c82509e73b,يجب في عقد الكفالة أن يكون الكفيل كامل الأهلية. الكفالة من المريض مرض الموت لا تنفذ في حق الورثة فيما زاد على (ثلث) التر,الصف يحمل عنوان ونص المادة الرسمية 580 (إزاحة +1),حرجة,استبدال العنوان والنص بالنص الرسمي للمادة 579
580,المادة الحادية والثمانون بعد الخمسمائة,581,cmpwihgux02wfnxffqohio3vo,581,نعم,a1840,5ff2c7acd0d3b186,لا تكون الكفالة صحيحة إلا إذا كان الالتزام المكفول به صحيحًا.,الصف يحمل عنوان ونص المادة الرسمية 581 (إزاحة +1),حرجة,استبدال العنوان والنص بالنص الرسمي للمادة 580
581,المادة الثانية والثمانون بعد الخمسمائة,582,cmpwihh7202whnxffz550vx76,582,نعم,a1841,e36e8f8092e4aeb8,يصح أن تكون الكفالة منجزةً أو معلقةً على شرط أو مؤقتةً أو مضافةً إلى أجل.,الصف يحمل عنوان ونص المادة الرسمية 582 (إزاحة +1),حرجة,استبدال العنوان والنص بالنص الرسمي للمادة 581
582,المادة الثالثة والثمانون بعد الخمسمائة,583,cmpwihhj802wjnxff2vr9ai29,583,نعم,a1842,d6a88f9b15f3103f,تصح الكفالة في الدين المستقبل إذا حدد مقدمًا مقدار المكفول به، وتصح في الدين المعلق على شرط. للكفيل في الدين المستقبل إذ,الصف يحمل عنوان ونص المادة الرسمية 583 (إزاحة +1),حرجة,استبدال العنوان والنص بالنص الرسمي للمادة 582
583,المادة الرابعة والثمانون بعد الخمسمائة,584,cmpwihhve02wlnxffv4voioi9,584,نعم,a1843,f96bd43981e91afb,إذا كانت الكفالة في مبلغ أكبر مما هو مستحق على المدين وبشروط أشد من المكفول فيه لم تصح إلا في قدر الدين المستحق على المد,الصف يحمل عنوان ونص المادة الرسمية 584 (إزاحة +1),حرجة,استبدال العنوان والنص بالنص الرسمي للمادة 583
584,المادة الخامسة والثمانون بعد الخمسمائة,585,cmpwihi7k02wnnxfflxa5n48w,585,نعم,a1844,0f5e93eb620106f2,إذا وقعت الكفالة مطلقة فإن التزام الكفيل يتبع التزام المدين معجلًا كان أو مؤجلًا.,الصف يحمل عنوان ونص المادة الرسمية 585 (إزاحة +1),حرجة,استبدال العنوان والنص بالنص الرسمي للمادة 584
585,المادة السادسة والثمانون بعد الخمسمائة,586,cmpwihijy02wpnxffri8bfkkw,586,نعم,a1845,60098d348f145c1a,تصح كفالة الدين الحالّ كفالة مؤجلة، وللدائن مطالبة المدين به حالًّا، وليس له مطالبة الكفيل به إلا عند حلول الأجل.,الصف يحمل عنوان ونص المادة الرسمية 586 (إزاحة +1),حرجة,استبدال العنوان والنص بالنص الرسمي للمادة 585
586,المادة السابعة والثمانون بعد الخمسمائة,587,cmpwihj2702wrnxffxpr916df,587,نعم,a1846,6f26718d331ce8cb,لا يطالب الكفيل في الكفالة المؤقتة إلا بالالتزامات المترتبة مدة الكفالة.,الصف يحمل عنوان ونص المادة الرسمية 587 (إزاحة +1),حرجة,استبدال العنوان والنص بالنص الرسمي للمادة 586
587,المادة الثامنة والثمانون بعد الخمسمائة,588,cmpwihjed02wtnxfffp3ysc3l,588,نعم,a1847,bbe4c3b1d9e40e26,تبرأ ذمة الكفيل بقدر ما أضاعه الدائن بخطئه من ضمانات الدين. يقصد بضمانات الدين: كل ما خصص لضمان الدين ولو تقرر بعد الكفا,الصف يحمل عنوان ونص المادة الرسمية 588 (إزاحة +1),حرجة,استبدال العنوان والنص بالنص الرسمي للمادة 587
588,المادة التاسعة والثمانون بعد الخمسمائة,589,cmpwihjqj02wvnxffcpro1zsx,589,نعم,a1848,be7e7b0cad1e6321,إذا حلَّ الدين ولم يطالب الدائن المدين به جاز للكفيل إذا لم يكن متضامنًا مع المدين أن يُعذر الدائن باتخاذ الإجراءات ضد ا,الصف يحمل عنوان ونص المادة الرسمية 589 (إزاحة +1),حرجة,استبدال العنوان والنص بالنص الرسمي للمادة 588
589,المادة التسعون بعد الخمسمائة,590,cmpwihk2p02wxnxffzljx3oyt,590,نعم,a1849,0b520af0a8279e10,إذا افتتح أيٌّ من إجراءات التصفية للمدين وفق النصوص النظامية ولم يتقدم الدائن بمطالبته بالدين وفق ذلك الإجراء سقط حقه في,الصف يحمل عنوان ونص المادة الرسمية 590 (إزاحة +1),حرجة,استبدال العنوان والنص بالنص الرسمي للمادة 589
590,المادة الحادية والتسعون بعد الخمسمائة,591,cmpwihkew02wznxff7allpgwu,591,نعم,a1850,38999265a5d0312b,ليس للدائن أن يرجع على الكفيل وحده إلا بعد رجوعه على المدين، ولا أن ينفذ على أموال الكفيل إلا بعد تجريده المدين من أموال,الصف يحمل عنوان ونص المادة الرسمية 591 (إزاحة +1),حرجة,استبدال العنوان والنص بالنص الرسمي للمادة 590
591,المادة الثانية والتسعون بعد الخمسمائة,592,cmpwihkr302x1nxffsplat65l,592,نعم,a1851,63fc48c2ff41c8ef,إذا طلب الكفيل التجريد لزمه أن يقوم على نفقته بإرشاد الدائن إلى أموال للمدين تفي بالدين كله، ولا عبرة بالأموال إذا كانت ,الصف يحمل عنوان ونص المادة الرسمية 592 (إزاحة +1),حرجة,استبدال العنوان والنص بالنص الرسمي للمادة 591
592,المادة الثالثة والتسعون بعد الخمسمائة,593,cmpwihl3902x3nxffstewou0u,593,نعم,a1852,d9c006927ce63dee,تقتضي الكفالة النظامية والقضائية تضامن الكفلاء مع المدين وتضامنهم فيما بينهم.,الصف يحمل عنوان ونص المادة الرسمية 593 (إزاحة +1),حرجة,استبدال العنوان والنص بالنص الرسمي للمادة 592
593,المادة الرابعة والتسعون بعد الخمسمائة,594,cmpwihlfl02x5nxff2cj682yn,594,نعم,a1853,95002650e32ed92c,إذا كان الدين موثَّقًا بضمانٍ عيني قبل الكفالة أو معها ولم يكن الكفيل متضامنًا مع المدين؛ فلا يجوز التنفيذ على أموال الك,الصف يحمل عنوان ونص المادة الرسمية 594 (إزاحة +1),حرجة,استبدال العنوان والنص بالنص الرسمي للمادة 593
594,المادة الخامسة والتسعون بعد الخمسمائة,595,cmpwihlrq02x7nxffdo3m935h,595,نعم,a1854,bf7c2561a6505bcd,إذا تعدد الكفلاء بدين واحد جازت مطالبة كل منهم بكل الدين إلا إذا كفلوا جميعًا في عقد واحد ولم يشترط فيه تضامنهم فلا يطال,الصف يحمل عنوان ونص المادة الرسمية 595 (إزاحة +1),حرجة,استبدال العنوان والنص بالنص الرسمي للمادة 594
595,المادة السادسة والتسعون بعد الخمسمائة,596,cmpwihm3w02x9nxffo78yq0cq,596,نعم,a1855,73a27a49c16036f8,إذا كان الكفلاء متضامنين فيما بينهم ووفى أحدهم الدين؛ كان له أن يرجع على كل واحد من الباقين بحصته في الدين وبنصيبه في حص,الصف يحمل عنوان ونص المادة الرسمية 596 (إزاحة +1),حرجة,استبدال العنوان والنص بالنص الرسمي للمادة 595
596,المادة السابعة والتسعون بعد الخمسمائة,597,cmpwihmg202xbnxffo2sxuhuj,597,نعم,a1856,83dcbc0fd27b0ef8,للكفيل بمقتضى عقد الكفالة أن يرجع على المدين بما وفى عنه وبما دفعه من نفقات اقتضاها العقد؛ إذا كانت الكفالة بعلم المدين ,الصف يحمل عنوان ونص المادة الرسمية 597 (إزاحة +1),حرجة,استبدال العنوان والنص بالنص الرسمي للمادة 596
597,المادة الثامنة والتسعون بعد الخمسمائة,598,cmpwihms802xdnxff2tw33gy5,598,نعم,a1857,b45a8587d8171a47,إذا وفى الكفيل الدين فعلى الدائن أن يسلمه جميع المستندات اللازمة لاستعمال حقه في الرجوع على المدين. إذا وفى الكفيل الدين,الصف يحمل عنوان ونص المادة الرسمية 598 (إزاحة +1),حرجة,استبدال العنوان والنص بالنص الرسمي للمادة 597
598,المادة التاسعة والتسعون بعد الخمسمائة,599,cmpwihn4f02xfnxffnphvwzu1,599,نعم,a1858,c1dc5488cb4f4dbe,إذا وفى الكفيل الدين كان له أن يحل محل الدائن في جميع ما له من حقوق قِبَل المدين، وإذا لم يوفِ إلا بعض الدين، فلا يرجع ب,الصف يحمل عنوان ونص المادة الرسمية 599 (إزاحة +1),حرجة,استبدال العنوان والنص بالنص الرسمي للمادة 598
599,المادة الستمائة,600,cmpwihngk02xhnxffezce13uy,600,نعم,a1859,b185e7b2882d9298,إذا وفى الكفيل عوضًا عن الدين شيئًا آخر فإنه يرجع على المدين بالدين أو بما وفاهُ فعلًا أيهما أقل. إذا صالح الكفيل الدائن,الصف يحمل عنوان ونص المادة الرسمية 600 (إزاحة +1),حرجة,استبدال العنوان والنص بالنص الرسمي للمادة 599
600,المادة الأولى بعد الستمائة,601,cmpwihnsq02xjnxff18j20a83,601,نعم,a1860,372cac5a889593bb,يلزم المدين أن يعلم الكفيل عن أي سبب يقتضي انقضاء الدين أو بطلانه، فإن لم يفعل ووفى الكفيل الدين عند الاستحقاق كان له ال,الصف يحمل عنوان ونص المادة الرسمية 601 (إزاحة +1),حرجة,استبدال العنوان والنص بالنص الرسمي للمادة 600
601,المادة الثانية بعد الستمائة,602,cmpwiho4w02xlnxffarw3vjcv,602,نعم,a1861,8c17fc32ea973fbb,إذا كان المدينون متضامنين فلمن كفلهم جميعًا الرجوع على أي منهم بكل ما وفاه من الدين. الفرع الثالث: انتهاء عقد الكفالة,الصف يحمل عنوان ونص المادة الرسمية 602 (إزاحة +1),حرجة,استبدال العنوان والنص بالنص الرسمي للمادة 601
602,المادة الثالثة بعد الستمائة,603,cmpwihoh102xnnxffw44k4c7q,603,نعم,a1862,8a5a33c1dd8229b1,يبرأ الكفيل بمجرد براءة المدين، وللكفيل -ولو كان متضامنًا- أن يتمسك بجميع الدفوع التي يحتج بها المدين؛ ما لم يكن ما يحتج,الصف يحمل عنوان ونص المادة الرسمية 603 (إزاحة +1),حرجة,استبدال العنوان والنص بالنص الرسمي للمادة 602
603,المادة الرابعة بعد الستمائة,604,cmpwihot802xpnxfflz2tmnjf,604,نعم,a1863,d0c36adf1f4eeaf0,إذا قبل الدائن أن يستوفي في مقابل الدين شيئًا آخر برئت ذمة الكفيل ولو استحق هذا الشيء.,الصف يحمل عنوان ونص المادة الرسمية 604 (إزاحة +1),حرجة,استبدال العنوان والنص بالنص الرسمي للمادة 603
604,المادة الخامسة بعد الستمائة,605,cmpwihp5e02xrnxffkyi10o35,605,نعم,a1864,e5a81072a24684e9,إذا أحال المدين أو الكفيل الدائن بالدين المكفول به أو بجزء منه على آخر حوالةً صحيحةً برئ المدين والكفيل في حدود هذه الحو,الصف يحمل عنوان ونص المادة الرسمية 605 (إزاحة +1),حرجة,استبدال العنوان والنص بالنص الرسمي للمادة 604
605,المادة السادسة بعد الستمائة,606,cmpwihphk02xtnxffom810x5q,606,نعم,a1865,21dcc4270bc2a296,لا ينتهي عقد الكفالة بموت الكفيل أو المدين، ويبقى الالتزام على تركة من مات منهما. الفصل الثاني: عقد التأمين,الصف يحمل عنوان ونص المادة الرسمية 606 (إزاحة +1),حرجة,استبدال العنوان والنص بالنص الرسمي للمادة 605
606,المادة السابعة بعد الستمائة,607,cmpwihptq02xvnxffnd13xznh,607,نعم,a1866,3f5cf570a599d953,تسري على عقد التأمين النصوص النظامية الخاصة به. القسم الثالث: الحقوق العينية الباب الأول: الحقوق العينية الأصلية الفصل ا,الصف يحمل عنوان ونص المادة الرسمية 607 (إزاحة +1),حرجة,استبدال العنوان والنص بالنص الرسمي للمادة 606
607,المادة الثامنة بعد الستمائة,608,cmpwihq5w02xxnxff14n92l92,608,نعم,a1867,dd6e7e436e111e6f,حقُّ الملكية يخول المالك وحده في حدود النظام استعمال الشيء المملوك واستغلاله والتصرف فيه. لمالك الشيء وحده الحق في كل ثم,الصف يحمل عنوان ونص المادة الرسمية 608 (إزاحة +1),حرجة,استبدال العنوان والنص بالنص الرسمي للمادة 607
608,المادة التاسعة بعد الستمائة,609,cmpwihqi302xznxff8lbvegq9,609,نعم,a1868,5a81dc05b81a29e0,مالك الشيء يملك كلَّ ما يُعدُّ من عناصره الجوهرية، وهو ما لا يمكن فصله عنه دون أن يهلك أو يتلف أو يتغير. كل من ملك أرضًا,الصف يحمل عنوان ونص المادة الرسمية 609 (إزاحة +1),حرجة,استبدال العنوان والنص بالنص الرسمي للمادة 608
609,المادة العاشرة بعد الستمائة,610,cmpwihqu902y1nxff3bv7pokb,610,نعم,a1869,9ed268a99377cd77,لا يُمنع أحد من ملكه ولا ينزع ملكه منه إلا في الأحوال التي تقررها النصوص النظامية. ثانيًا: قيود الملكية,الصف يحمل عنوان ونص المادة الرسمية 610 (إزاحة +1),حرجة,استبدال العنوان والنص بالنص الرسمي للمادة 609
610,المادة الحادية عشرة بعد الستمائة,611,cmpwihr6f02y3nxffxqfh4wpo,611,نعم,a1870,42d0dc967ade71ab,على المالك أن يتقيَّد في استعمال حقه بما تقضي به النصوص النظامية من قيود مقررة للمصلحة العامة أو الخاصة.,الصف يحمل عنوان ونص المادة الرسمية 611 (إزاحة +1),حرجة,استبدال العنوان والنص بالنص الرسمي للمادة 610
611,المادة الثانية عشرة بعد الستمائة,612,cmpwihrin02y5nxffl7qmufgv,612,نعم,a1871,e4b82031053e5193,إذا تعلق بالملك حقٌّ للغير فليس للمالك أن يتصرف فيه تصرفًا ضارًّا إلا بإذن صاحب الحق.,الصف يحمل عنوان ونص المادة الرسمية 612 (إزاحة +1),حرجة,استبدال العنوان والنص بالنص الرسمي للمادة 611
612,المادة الثالثة عشرة بعد الستمائة,613,cmpwihruw02y7nxffjq1zlihg,613,نعم,a1872,b403d56c16009a63,على المالك ألا يغلو في استعمال حقه إلى حد يضر بملك الجار. ليس للجار أن يرجع على جاره في مضار الجوار المألوفة التي لا يمك,الصف يحمل عنوان ونص المادة الرسمية 613 (إزاحة +1),حرجة,استبدال العنوان والنص بالنص الرسمي للمادة 612
613,المادة الرابعة عشرة بعد الستمائة,614,cmpwihs7302y9nxffqyjry2cf,614,نعم,a1873,9af35581093b53bc,إذا كان الحائط مشتركًا بين اثنين (أو أكثر) فلا يجوز لأي منهما أن يحدث أي تغيير فيه بما يتنافى مع الغرض الذي أعدَّ له بغي,الصف يحمل عنوان ونص المادة الرسمية 614 (إزاحة +1),حرجة,استبدال العنوان والنص بالنص الرسمي للمادة 613
614,المادة الخامسة عشرة بعد الستمائة,615,cmpwihsj902ybnxff3js0rg2f,615,نعم,a1874,6a4805a128157b2e,للشريك في الحائط المشترك أن يعليه على نفقته إذا كانت له مصلحة جديّة في ذلك، بشرط ألا يلحق بشريكه ضررًا جسيمًا. إذا لم يك,الصف يحمل عنوان ونص المادة الرسمية 615 (إزاحة +1),حرجة,استبدال العنوان والنص بالنص الرسمي للمادة 614
615,المادة السادسة عشرة بعد الستمائة,616,cmpwihsve02ydnxffbeb0he79,616,نعم,a1875,f27296eecaf4fb50,ليس لمالك الحائط أن يهدمه إن كان الهدم يضر بالجار الذي يستتر ملكه بالحائط، إلا إذا كان هناك سبب مُعتبر للهدم.,الصف يحمل عنوان ونص المادة الرسمية 616 (إزاحة +1),حرجة,استبدال العنوان والنص بالنص الرسمي للمادة 615
616,المادة السابعة عشرة بعد الستمائة,617,cmpwiht7p02yfnxffjnz568tg,617,نعم,a1876,48267a56c63a9247,ليس للمالك أن يشترط في تصرفه -عقدًا كان أو وصية- شرطًا يمنع المتصرف إليه من التصرف في مال إلا إذا كان هذا الشرط لمدة معق,الصف يحمل عنوان ونص المادة الرسمية 617 (إزاحة +1),حرجة,استبدال العنوان والنص بالنص الرسمي للمادة 616
617,المادة الثامنة عشرة بعد الستمائة,618,cmpwihtjv02yhnxffdea4bn37,618,نعم,a1877,dc58d1cfc7c3b97e,إذا كان الشرط المانع من التصرف صحيحًا وفقًا للمادة (السابعة عشرة بعد الستمائة) من هذا النظام، فكل تصرف مخالف له يكون باط,الصف يحمل عنوان ونص المادة الرسمية 618 (إزاحة +1),حرجة,استبدال العنوان والنص بالنص الرسمي للمادة 617
618,المادة التاسعة عشرة بعد الستمائة,619,cmpwihtw102yjnxffjqbs283q,619,نعم,a1878,6fcfbde8c325617b,إذا تملك أكثر من شخص شيئًا دون أن تفرز حصة كل منهم فهم شركاء على الشيوع، وتكون حصصهم متساوية، ما لم يقم الدليل على خلاف ,الصف يحمل عنوان ونص المادة الرسمية 619 (إزاحة +1),حرجة,استبدال العنوان والنص بالنص الرسمي للمادة 618
619,المادة العشرون بعد الستمائة,620,cmpwihu8802ylnxff54cvp137,620,نعم,a1879,6d7f4c596c59420c,لكل شريك في الملك التصرف في حصته واستغلالها واستعمالها؛ وذلك دون إذن من باقي الشركاء بشرط ألا يلحق ضررًا بحقوقهم. إذا كا,الصف يحمل عنوان ونص المادة الرسمية 620 (إزاحة +1),حرجة,استبدال العنوان والنص بالنص الرسمي للمادة 619
620,المادة الحادية والعشرون بعد الستمائة,621,cmpwihuqf02ynnxffjaupxlva,621,نعم,a1880,8dbed9067d2acf05,تكون إدارة المال الشائع من حق الشركاء مجتمعين ما لم تقتضِ النصوص النظامية أو الاتفاق خلاف ذلك، وإذا تولى أحد الشركاء الإ,الصف يحمل عنوان ونص المادة الرسمية 621 (إزاحة +1),حرجة,استبدال العنوان والنص بالنص الرسمي للمادة 620
621,المادة الثانية والعشرون بعد الستمائة,622,cmpwihv2r02ypnxffj8yx4qur,622,نعم,a1881,7441aa397c8796f6,إذا اختلف الشركاء في إدارة المال الشائع كان رأي الأغلبية في الإدارة المعتادة ملزمًا لجميع الشركاء وخلفهم العام والخاص، و,الصف يحمل عنوان ونص المادة الرسمية 622 (إزاحة +1),حرجة,استبدال العنوان والنص بالنص الرسمي للمادة 621
622,المادة الثالثة والعشرون بعد الستمائة,623,cmpwihvex02yrnxff8od970mg,623,نعم,a1882,5e9f6ad67d9c2b02,للشركاء الذين يملكون ما لا يقل عن ثلاثة أرباع المال الشائع أن يقرروا في سبيل تحسين الانتفاع بهذا المال من التغييرات الأس,الصف يحمل عنوان ونص المادة الرسمية 623 (إزاحة +1),حرجة,استبدال العنوان والنص بالنص الرسمي للمادة 622
623,المادة الرابعة والعشرون بعد الستمائة,624,cmpwihvr302ytnxff0ymjdxu7,624,نعم,a1883,e33a12e8c42361dd,لكل شريك على الشيوع الحق في أن يتخذ من الوسائل ما يحفظ المال الشائع ولو كان ذلك دون موافقة باقي الشركاء.,الصف يحمل عنوان ونص المادة الرسمية 624 (إزاحة +1),حرجة,استبدال العنوان والنص بالنص الرسمي للمادة 623
624,المادة الخامسة والعشرون بعد الستمائة,625,cmpwihw3902yvnxff548t9ajx,625,نعم,a1884,f3e005852076b416,يتحمل نفقات إدارة المال الشائع وحفظه وسائر النفقات الناتجة عن الشيوع أو المقررة على المال؛ جميع الشركاء كل بقدر حصته، وذ,الصف يحمل عنوان ونص المادة الرسمية 625 (إزاحة +1),حرجة,استبدال العنوان والنص بالنص الرسمي للمادة 624
625,المادة السادسة والعشرون بعد الستمائة,626,cmpwihwfg02yxnxff1il2mjv7,626,نعم,a1885,077578152ec5c112,إذا اتفق جميع الشركاء على القسمة صحت ولو أنقصت منفعة المال أو قيمته.,الصف يحمل عنوان ونص المادة الرسمية 626 (إزاحة +1),حرجة,استبدال العنوان والنص بالنص الرسمي للمادة 625
626,المادة السابعة والعشرون بعد الستمائة,627,cmpwihwrm02yznxfflhmozuht,627,نعم,a1886,3d9fd1b26c15016c,يجوز لمن يريد الخروج من الشيوع أن يطلب القسمة القضائية ما لم يوجد اتفاق أو نص نظامي يمنع من ذلك أو يتبين من الغرض الذي خ,الصف يحمل عنوان ونص المادة الرسمية 627 (إزاحة +1),حرجة,استبدال العنوان والنص بالنص الرسمي للمادة 626
627,المادة الثامنة والعشرون بعد الستمائة,628,cmpwihx3s02z1nxffg70yrpnn,628,نعم,a1887,fe7c74add2194bd7,إذا طلب أحد الشركاء قسمة المال الشائع وامتنع الباقون، وكان المال قابلًا للقسمة عينًا دون أن يترتب على ذلك تعطل الانتفاع ,الصف يحمل عنوان ونص المادة الرسمية 628 (إزاحة +1),حرجة,استبدال العنوان والنص بالنص الرسمي للمادة 627
628,المادة التاسعة والعشرون بعد الستمائة,629,cmpwihxfy02z3nxffv7rn19yh,629,نعم,a1888,b2d494330be08e92,لدائن أي شريك أن يعترض على أن تتم قسمة المال الشائع أو أن يباع في المزاد بغير إدخاله، وذلك بالتدخل أمام المحكمة إن كانت ,الصف يحمل عنوان ونص المادة الرسمية 629 (إزاحة +1),حرجة,استبدال العنوان والنص بالنص الرسمي للمادة 628
629,المادة الثلاثون بعد الستمائة,630,cmpwihxs402z5nxffjlbgl5bn,630,نعم,a1889,e9d3bae1075099e8,إذا ظهر دين على الميت بعد قسمة التركة لزم كل واحدٍ من الورثة نصيبه من الدَّين في الحصة التي آلت إليه من التركة.,الصف يحمل عنوان ونص المادة الرسمية 630 (إزاحة +1),حرجة,استبدال العنوان والنص بالنص الرسمي للمادة 629
630,المادة الحادية والثلاثون بعد الستمائة,631,cmpwihy4a02z7nxffwhiqv21o,631,نعم,a1890,2e0b2c3b87dc7e53,يجوز نقض القسمة الاتفاقية إذا أثبت المتقاسم أنه قد لحقه منها غبن ويجب أن ترفع الدعوى خلال السنة التالية للقسمة، وللطرف ا,الصف يحمل عنوان ونص المادة الرسمية 631 (إزاحة +1),حرجة,استبدال العنوان والنص بالنص الرسمي للمادة 630
631,المادة الثانية والثلاثون بعد الستمائة,632,cmpwihygh02z9nxffxzy602ev,632,نعم,a1891,97f897fd01efe088,إذا استحق المقسوم كله أو بعضه لسبب سابق على القسمة فللمتقاسم الذي استحق نصيبه أو بعضه أن يرجع بضمان ذلك الاستحقاق على بق,الصف يحمل عنوان ونص المادة الرسمية 632 (إزاحة +1),حرجة,استبدال العنوان والنص بالنص الرسمي للمادة 631
632,المادة الثالثة والثلاثون بعد الستمائة,633,cmpwihysn02zbnxff3ahc1mpr,633,نعم,a1892,8ee9138a7bd94466,يُعد المتقاسم مالكًا للحصة التي آلت إليه منذ أن تملك في الشيوع.,الصف يحمل عنوان ونص المادة الرسمية 633 (إزاحة +1),حرجة,استبدال العنوان والنص بالنص الرسمي للمادة 632
633,المادة الرابعة والثلاثون بعد الستمائة,634,cmpwihz4u02zdnxff3lv5r0px,634,نعم,a1893,ab42f0149df33724,المهايأة قسمة منفعة المال الشائع بين الشركاء زمانيًّا أو مكانيًّا بمقدار حصصهم.,الصف يحمل عنوان ونص المادة الرسمية 634 (إزاحة +1),حرجة,استبدال العنوان والنص بالنص الرسمي للمادة 633
634,المادة الخامسة والثلاثون بعد الستمائة,635,cmpwihzh102zfnxff8f3xs5of,635,نعم,a1894,977ea734ba1cad84,يجب في المهايأة الزمنية تعيين وقت ابتدائها ومدة انتفاع كل شريك، فإن اختلف الشركاء في ذلك فتعين المحكمة المدة التي تراها ,الصف يحمل عنوان ونص المادة الرسمية 635 (إزاحة +1),حرجة,استبدال العنوان والنص بالنص الرسمي للمادة 634
635,المادة السادسة والثلاثون بعد الستمائة,636,cmpwihzt902zhnxffif25qlbb,636,نعم,a1895,a045fbc0f24cc33f,تسري على المهايأة أحكام عقد الإيجار فيما لا يتعارض مع طبيعتها.,الصف يحمل عنوان ونص المادة الرسمية 636 (إزاحة +1),حرجة,استبدال العنوان والنص بالنص الرسمي للمادة 635
636,المادة السابعة والثلاثون بعد الستمائة,637,cmpwii05i02zjnxff7jzzfhy4,637,نعم,a1896,8c91a4a2eec5e878,للشركاء أثناء إجراءات قسمة المال أن يتفقوا على المهايأة حتى تتم القسمة، فإذا تعذر اتفاقهم فللمحكمة بناءً على طلب أحدهم إ,الصف يحمل عنوان ونص المادة الرسمية 637 (إزاحة +1),حرجة,استبدال العنوان والنص بالنص الرسمي للمادة 636
637,المادة الثامنة والثلاثون بعد الستمائة,638,cmpwii0ho02zlnxffpzbygr8k,638,نعم,a1897,7f68bd14f11dd8af,إذا طلب أحد الشركاء قسمة المال وطلب الآخرون المهايأة، أو طلب أحد الشركاء القسمة أثناء سريان المهايأة؛ قُبل طلب القسمة. إ,الصف يحمل عنوان ونص المادة الرسمية 638 (إزاحة +1),حرجة,استبدال العنوان والنص بالنص الرسمي للمادة 637
638,المادة التاسعة والثلاثون بعد الستمائة,639,cmpwii0tu02znnxff91tnr1em,639,نعم,a1898,63600ec45d408549,لا تنقضي المهايأة بموت أحد الشركاء، ويحلُّ ورثته محله. رابعًا: ملكية الوحدات العقارية,الصف يحمل عنوان ونص المادة الرسمية 639 (إزاحة +1),حرجة,استبدال العنوان والنص بالنص الرسمي للمادة 638
639,المادة الأربعون بعد الستمائة,640,cmpwii16002zpnxffw34k9a9i,640,نعم,a1899,7591b468ddb1563b,تسري على ملكية الوحدات العقارية النصوص النظامية الخاصة بها. الفرع الثاني: أسباب كسب الملكية أولًا: إحراز المباحات,الصف يحمل عنوان ونص المادة الرسمية 640 (إزاحة +1),حرجة,استبدال العنوان والنص بالنص الرسمي للمادة 639
640,المادة الحادية والأربعون بعد الستمائة,641,cmpwii1i602zrnxffoifw7t36,641,نعم,a1900,d5d2d877ad880271,من أحرز منقولًا مباحًا بنيّة تملُّكه، مَلَكَه. يكون المنقول مباحًا إذا لم يمنع من تملكه نص نظامي ولم يكن له مالك أو تخلى,الصف يحمل عنوان ونص المادة الرسمية 641 (إزاحة +1),حرجة,استبدال العنوان والنص بالنص الرسمي للمادة 640
641,المادة الثانية والأربعون بعد الستمائة,642,cmpwii1ud02ztnxffimk4o6yj,642,نعم,a1901,8a850bb27c7c3555,تسري على المعادن والمواد الهيدروكربونية والنفايات والمياه واللقطة والآثار والصيد النصوص النظامية الخاصة بها.,الصف يحمل عنوان ونص المادة الرسمية 642 (إزاحة +1),حرجة,استبدال العنوان والنص بالنص الرسمي للمادة 641
642,المادة الثالثة والأربعون بعد الستمائة,643,cmpwii26i02zvnxffohuj6768,643,نعم,a1902,4bfcb5934003ba41,تسري على عقارات الدولة النصوص النظامية الخاصة بها. ثانيًا: كسب الملكية بالضمان والإرث والوصية,الصف يحمل عنوان ونص المادة الرسمية 643 (إزاحة +1),حرجة,استبدال العنوان والنص بالنص الرسمي للمادة 642
643,المادة الرابعة والأربعون بعد الستمائة,644,cmpwii2io02zxnxffq01id1h3,644,نعم,a1903,e2d16f12f8dbf4f3,كل مال وجب التعويض عنه يملكه من لزمه التعويض إذا أدى مثله أو قيمته للمالك الأصلي، وتكون الملكية مستندةً إلى وقت سبب التع,الصف يحمل عنوان ونص المادة الرسمية 644 (إزاحة +1),حرجة,استبدال العنوان والنص بالنص الرسمي للمادة 643
644,المادة الخامسة والأربعون بعد الستمائة,645,cmpwii2uu02zznxffboqporsc,645,نعم,a1904,332f71fbf13646e8,يملك الوارث بالإرث نصيبه من الأموال المملوكة للمورث، وفقًا للنصوص النظامية الخاصة به.,الصف يحمل عنوان ونص المادة الرسمية 645 (إزاحة +1),حرجة,استبدال العنوان والنص بالنص الرسمي للمادة 644
645,المادة السادسة والأربعون بعد الستمائة,646,cmpwii3700301nxffe9ytxq8d,646,نعم,a1905,f0b1bdceffe20a8b,يملك الموصى له المال الموصى به، وفقًا للنصوص النظامية الخاصة بالوصية.,الصف يحمل عنوان ونص المادة الرسمية 646 (إزاحة +1),حرجة,استبدال العنوان والنص بالنص الرسمي للمادة 645
646,المادة السابعة والأربعون بعد الستمائة,647,cmpwii3j60303nxff79q4rn2v,647,نعم,a1906,864bfea008789a16,كل تصرف نظامي يصدر من شخص في مرض الموت ويكون تبرعًا أو معاوضة فيها محاباة؛ يأخذ التبرع أو قدر المحاباة فيه حكم الوصية.,الصف يحمل عنوان ونص المادة الرسمية 647 (إزاحة +1),حرجة,استبدال العنوان والنص بالنص الرسمي للمادة 646
647,المادة الثامنة والأربعون بعد الستمائة,648,cmpwii3ve0305nxffvs5d4w6k,648,نعم,a1907,ebac328b4932c4e7,إذا تصرف شخص لأحد ورثته واحتفظ بحيازة الشيء الذي تصرف فيه، وبحق الانتفاع به مدى حياته، عُدَّ التصرف مضافًا إلى ما بعد ال,الصف يحمل عنوان ونص المادة الرسمية 648 (إزاحة +1),حرجة,استبدال العنوان والنص بالنص الرسمي للمادة 647
648,المادة التاسعة والأربعون بعد الستمائة,649,cmpwii47k0307nxffocwjgsjf,649,نعم,a1908,e1c7088da82ce8a8,يعد كل ما علا الأرض أو كان تحتها من بناء أو غراس من عمل مالك الأرض أقامه على نفقته، ويكون ملكًا له؛ وذلك كلّه ما لم يقم ,الصف يحمل عنوان ونص المادة الرسمية 649 (إزاحة +1),حرجة,استبدال العنوان والنص بالنص الرسمي للمادة 648
649,المادة الخمسون بعد الستمائة,650,cmpwii4jx0309nxff5s109bsj,650,نعم,a1909,46cc5e063a9e6db9,إذا أحدث مالك الأرض بناءً أو غراسًا على أرضه بمواد مملوكة لغيره دون إذن فللغير استردادها على نفقة مالك الأرض إذا لم تكن ,الصف يحمل عنوان ونص المادة الرسمية 650 (إزاحة +1),حرجة,استبدال العنوان والنص بالنص الرسمي للمادة 649
650,المادة الحادية والخمسون بعد الستمائة,651,cmpwii4w5030bnxfftv5epxen,651,نعم,a1910,54e08853971453ba,إذا أحدث شخص بناءً أو غراسًا بمواد من عنده على أرض يعلم أنها مملوكة لغيره دون إذن مالكها؛ فللمالك أن يطلب إزالة المحدثات,الصف يحمل عنوان ونص المادة الرسمية 651 (إزاحة +1),حرجة,استبدال العنوان والنص بالنص الرسمي للمادة 650
651,المادة الثانية والخمسون بعد الستمائة,652,cmpwii58b030dnxfftac93trq,652,نعم,a1911,6aeaa369e3159da3,إذا أحدث شخص بحسن نية بناءً أو غراسًا بمواد من عنده على أرض مملوكة لغيره، فللمحدث أن يزيله إذا لم تكن الإزالة تضر بالأرض,الصف يحمل عنوان ونص المادة الرسمية 652 (إزاحة +1),حرجة,استبدال العنوان والنص بالنص الرسمي للمادة 651
652,المادة الثالثة والخمسون بعد الستمائة,653,cmpwii5kg030fnxfff7eldd55,653,نعم,a1912,054c7543e3690e7a,إذا كان مالك الأرض وهو يقيم عليها بناءً قد جار بحسن نية على جزء من الأرض الملاصقة، جاز للمحكمة -إذا رأت محلًّا لذلك- أن ,الصف يحمل عنوان ونص المادة الرسمية 653 (إزاحة +1),حرجة,استبدال العنوان والنص بالنص الرسمي للمادة 652
653,المادة الرابعة والخمسون بعد الستمائة,654,cmpwii5wo030hnxff0bvsbkc5,654,نعم,a1913,c14f649ed9af4174,إذا اتصل منقولان لمالكين مختلفين بحيث لا يمكن فصلهما دون تلف ولم يكن هناك اتفاق بين المالكين قضت المحكمة في النزاع مع مر,الصف يحمل عنوان ونص المادة الرسمية 654 (إزاحة +1),حرجة,استبدال العنوان والنص بالنص الرسمي للمادة 653
654,المادة الخامسة والخمسون بعد الستمائة,655,cmpwii68u030jnxff42zcuy2s,655,نعم,a1914,8d48d15ce708d203,تنتقل الملكية وغيرها من الحقوق العينية في العقار والمنقول بالعقد متى ورد على محل مملوك للمتصرف وفقًا للنصوص النظامية.,الصف يحمل عنوان ونص المادة الرسمية 655 (إزاحة +1),حرجة,استبدال العنوان والنص بالنص الرسمي للمادة 654
655,المادة السادسة والخمسون بعد الستمائة,656,cmpwii6r3030lnxffr70feb98,656,نعم,a1915,d792378fe01431ee,إذا كان محل العقد معيَّنًا بالذات انتقلت ملكيته بالعقد. إذا كان محل العقد معيَّنًا بالنوع لم تنتقل الملكية في أيٍّ من أف,الصف يحمل عنوان ونص المادة الرسمية 656 (إزاحة +1),حرجة,استبدال العنوان والنص بالنص الرسمي للمادة 655
656,المادة السابعة والخمسون بعد الستمائة,657,cmpwii738030nnxff4m7oy9fr,657,نعم,a1916,72603701d2d8156b,إذا اشترط نص نظامي إجراءً لانتقال الملكية والحقوق العينية الأخرى، لم تنتقل إلا باستكمال ذلك الإجراء. خامسًا: الشفعة,الصف يحمل عنوان ونص المادة الرسمية 657 (إزاحة +1),حرجة,استبدال العنوان والنص بالنص الرسمي للمادة 656
657,المادة الثامنة والخمسون بعد الستمائة,658,cmpwii7fe030pnxffag88fgba,658,نعم,a1917,b4aa556d4d79726f,الشفعة حق الشريك في أن يتملّك العقار المبيع بالثمن الذي بيع به وبنفقاته.,الصف يحمل عنوان ونص المادة الرسمية 658 (إزاحة +1),حرجة,استبدال العنوان والنص بالنص الرسمي للمادة 657
658,المادة التاسعة والخمسون بعد الستمائة,659,cmpwii7rm030rnxffs6vpshkz,659,نعم,a1918,c1c305d3dae36acc,إذا اجتمع أكثر من شفيع كان استحقاق كل منهم من الشفعة على قدر نصيبه.,الصف يحمل عنوان ونص المادة الرسمية 659 (إزاحة +1),حرجة,استبدال العنوان والنص بالنص الرسمي للمادة 658
659,المادة الستون بعد الستمائة,660,cmpwii83s030tnxffj2lu3exp,660,نعم,a1919,c7c828f0a402dbeb,إذا اشترى شخص ما تصح الشفعة فيه ثم باعه لآخر قبل إعلام الشفيع رغبته الأخذ بالشفعة وفقًا للفقرتين (ب) و(ج) من المادة (الس,الصف يحمل عنوان ونص المادة الرسمية 660 (إزاحة +1),حرجة,استبدال العنوان والنص بالنص الرسمي للمادة 659
660,المادة الحادية والستون بعد الستمائة,661,cmpwii8fz030vnxffomz4d6xa,661,نعم,a1920,8d328403deef16c2,تثبت الشفعة بتمام البيع مع قيام السبب الموجب لها.,الصف يحمل عنوان ونص المادة الرسمية 661 (إزاحة +1),حرجة,استبدال العنوان والنص بالنص الرسمي للمادة 660
661,المادة الثانية والستون بعد الستمائة,662,cmpwii8s5030xnxffdg2fdjt7,662,نعم,a1921,f0d0156af04d663a,ليس للشفيع حق الشفعة إلا إذا كان مالكًا لنصيبه في العقار وقت شراء المشتري نصيب البائع.,الصف يحمل عنوان ونص المادة الرسمية 662 (إزاحة +1),حرجة,استبدال العنوان والنص بالنص الرسمي للمادة 661
662,المادة الثالثة والستون بعد الستمائة,663,cmpwii94b030znxffgb6shobh,663,نعم,a1922,7d5f915b6e438745,إذا ثبتت الشفعة وفقا للمادة (الحادية والستين بعد الستمائة) من هذا النظام؛ فلا تسقط بموت البائع أو المشتري أو الشفيع.,الصف يحمل عنوان ونص المادة الرسمية 663 (إزاحة +1),حرجة,استبدال العنوان والنص بالنص الرسمي للمادة 662
663,المادة الرابعة والستون بعد الستمائة,664,cmpwii9gh0311nxffby8vvupt,664,نعم,a1923,833a62afdb3eaf27,لا تقبل الشفعة التجزئة، فليس للشفيع أن يأخذ بعض العقار جبرًا على المشتري، إلا إذا تعدد المشترون واتحد البائع؛ فللشفيع أن,الصف يحمل عنوان ونص المادة الرسمية 664 (إزاحة +1),حرجة,استبدال العنوان والنص بالنص الرسمي للمادة 663
664,المادة الخامسة والستون بعد الستمائة,665,cmpwii9sn0313nxffa4c2zl05,665,نعم,a1924,41014adfe7eca90e,لا شفعة في الحالات الآتية: أ- إذا كان انتقال الملك بغير البيع. ب- إذا وقع البيع بين الأصول والفروع أو بين الزوجين. ج- إذ,الصف يحمل عنوان ونص المادة الرسمية 665 (إزاحة +1),حرجة,استبدال العنوان والنص بالنص الرسمي للمادة 664
665,المادة السادسة والستون بعد الستمائة,666,cmpwiia4t0315nxffvg2ru2c1,666,نعم,a1925,7cf7c028be0bf9dc,تسقط الشفعة في الحالات الآتية: أ- إذا نزل الشفيع عن حقه في الشفعة صراحةً أو ضمنًا ولو كان ذلك قبل البيع. ب- إذا لم يقم ا,الصف يحمل عنوان ونص المادة الرسمية 666 (إزاحة +1),حرجة,استبدال العنوان والنص بالنص الرسمي للمادة 665
666,المادة السابعة والستون بعد الستمائة,667,cmpwiiagz0317nxff6j3zh099,667,نعم,a1926,7212aeacea5e19d2,لا تسمع دعوى الشفعة بانقضاء (مائة وثمانين) يومًا من تاريخ تسجيل البيع.,الصف يحمل عنوان ونص المادة الرسمية 667 (إزاحة +1),حرجة,استبدال العنوان والنص بالنص الرسمي للمادة 666
667,المادة الثامنة والستون بعد الستمائة,668,cmpwiiata0319nxffxledgxlb,668,نعم,a1927,0b5c5d2ce909077e,ترفع دعوى الشفعة على البائع أو المشتري، وللمحكمة أن تمهل الشفيع (خمسة عشر) يومًا لإيداع الثمن أو جزء منه وفق تقدير المحك,الصف يحمل عنوان ونص المادة الرسمية 668 (إزاحة +1),حرجة,استبدال العنوان والنص بالنص الرسمي للمادة 667
668,المادة التاسعة والستون بعد الستمائة,669,cmpwiib5h031bnxffnqpbidn1,669,نعم,a1928,3e18c9b69e999557,يثبت الملك للشفيع في العقار المبيع من حين الحكم بثبوت الشفعة أو بتسليم المشتري له بالتراضي، وذلك مع مراعاة ما تشترطه الن,الصف يحمل عنوان ونص المادة الرسمية 669 (إزاحة +1),حرجة,استبدال العنوان والنص بالنص الرسمي للمادة 668
669,المادة السبعون بعد الستمائة,670,cmpwiibho031dnxffvdwyewua,670,نعم,a1929,c43b18b0631c0eec,يحل الشفيع تجاه البائع محل المشتري في جميع حقوقه والتزاماته، وللشفيع الانتفاع بالأجل الممنوح للمشتري في دفع الثمن إذا قد,الصف يحمل عنوان ونص المادة الرسمية 670 (إزاحة +1),حرجة,استبدال العنوان والنص بالنص الرسمي للمادة 669
670,المادة الحادية والسبعون بعد الستمائة,671,cmpwiibtv031fnxffmgl5sgb4,671,نعم,a1930,634174163e8943a7,إذا زاد المشتري في العقار المشفوع شيئًا من ماله أو بنى أو غرس فيه قبل إعلام الشفيع البائع والمشتري برغبته في الشفعة؛ فعل,الصف يحمل عنوان ونص المادة الرسمية 671 (إزاحة +1),حرجة,استبدال العنوان والنص بالنص الرسمي للمادة 670
671,المادة الثانية والسبعون بعد الستمائة,672,cmpwiic61031hnxff2f0im4ga,672,نعم,a1931,cd54e5d14418ee0b,للشفيع أن يطلب عدم نفاذ تصرفات المشتري إذا كانت بعد إعلام الشفيعِ البائعَ والمشتري برغبته في الشفعة، مع بقاء حقه في طلب ,الصف يحمل عنوان ونص المادة الرسمية 672 (إزاحة +1),حرجة,استبدال العنوان والنص بالنص الرسمي للمادة 671
672,المادة الثالثة والسبعون بعد الستمائة,673,cmpwiici7031jnxffcgq87kt3,673,نعم,a1932,ba4734e53ae4adb3,الحيازة وضع الشخص يده على الشيء المحوز ظاهرًا عليه بمظهر المالك.,الصف يحمل عنوان ونص المادة الرسمية 673 (إزاحة +1),حرجة,استبدال العنوان والنص بالنص الرسمي للمادة 672
673,المادة الرابعة والسبعون بعد الستمائة,674,cmpwiicuf031lnxfffnyq9l9k,674,نعم,a1933,5e1864a43cfbb6d3,تُعدُّ حيازة المنقول قرينة على الملكية عند النزاع فيها.,الصف يحمل عنوان ونص المادة الرسمية 674 (إزاحة +1),حرجة,استبدال العنوان والنص بالنص الرسمي للمادة 673
674,المادة الخامسة والسبعون بعد الستمائة,675,cmpwiid6s031nnxff14dnj3ci,675,نعم,a1934,2ccfe94cac5abd69,الحائزُ حَسنُ النية من يجهل أنه يعتدي على حق الغير؛ ما لم يكن الجهل ناشئًا عن خطئه الجسيم. ويُفترض حُسنُ النية في الحائز,الصف يحمل عنوان ونص المادة الرسمية 675 (إزاحة +1),حرجة,استبدال العنوان والنص بالنص الرسمي للمادة 674
675,المادة السادسة والسبعون بعد الستمائة,676,cmpwiidiz031pnxffuaru6qie,676,نعم,a1935,dbd7bab08a237465,إذا كان الحائز حسن النية فإنه يملك الثمار التي قبضها مدة حيازته بنية تملكها. يكون الحائز سيءُ النية مسؤولًا عن جميع الثم,الصف يحمل عنوان ونص المادة الرسمية 676 (إزاحة +1),حرجة,استبدال العنوان والنص بالنص الرسمي للمادة 675
676,المادة السابعة والسبعون بعد الستمائة,677,cmpwiidv5031rnxffi11o8eia,677,نعم,a1936,f61b62a1461da274,يلزم المالك الذي يرد إليه الشيء أن يؤدي إلى الحائز جميع ما أنفقه من نفقاتٍ ضروريَّةٍ. النفقات النافعة تطبق في شأنها أحكا,الصف يحمل عنوان ونص المادة الرسمية 677 (إزاحة +1),حرجة,استبدال العنوان والنص بالنص الرسمي للمادة 676
677,المادة الثامنة والسبعون بعد الستمائة,678,cmpwiie7b031tnxffv5pyn9te,678,نعم,a1937,0bf22a2968a742ea,لا يلزم الحائز حسن النية التعويض عما يصيب الشيء بسبب انتفاعه به انتفاع الملاك، ولا يكون مسؤولًا عن أي هلاك أو تلف إلا بق,الصف يحمل عنوان ونص المادة الرسمية 678 (إزاحة +1),حرجة,استبدال العنوان والنص بالنص الرسمي للمادة 677
678,المادة التاسعة والسبعون بعد الستمائة,679,cmpwiiejg031vnxffmkc1axn0,679,نعم,a1938,118d41c1b65c98a7,حق الانتفاع حقٌ عينيٌّ يخول المنتفع استعمال شيء مملوك لغيره واستغلاله.,الصف يحمل عنوان ونص المادة الرسمية 679 (إزاحة +1),حرجة,استبدال العنوان والنص بالنص الرسمي للمادة 678
679,المادة الثمانون بعد الستمائة,680,cmpwiievo031xnxfffq6vqnvy,680,نعم,a1939,e57bc87bcea0bebd,يُكسب حق الانتفاع بالتصرف النظامي، أو بالإرث إذا كان الانتفاع معين المدة، أو بالشفعة من الشريك على الشيوع في حق الانتفاع,الصف يحمل عنوان ونص المادة الرسمية 680 (إزاحة +1),حرجة,استبدال العنوان والنص بالنص الرسمي للمادة 679
680,المادة الحادية والثمانون بعد الستمائة,681,cmpwiif7u031znxffs394xtm8,681,نعم,a1940,30f20e62c443b711,يُراعى في حقوق المنتفع والتزاماته السند الذي أنشأ حق الانتفاع وكذا الأحكام المقررة في هذا الفرع.,الصف يحمل عنوان ونص المادة الرسمية 681 (إزاحة +1),حرجة,استبدال العنوان والنص بالنص الرسمي للمادة 680
681,المادة الثانية والثمانون بعد الستمائة,682,cmpwiifk20321nxffjf5vw257,682,نعم,a1941,df36847f2e057b15,ثمارُ الشيء المنتفع به من حق المنتفع مدة انتفاعه.,الصف يحمل عنوان ونص المادة الرسمية 682 (إزاحة +1),حرجة,استبدال العنوان والنص بالنص الرسمي للمادة 681
682,المادة الثالثة والثمانون بعد الستمائة,683,cmpwiifw70323nxffh0siwbwp,683,نعم,a1942,925ad30703024c39,يلتزم المنتفع بالانتفاع بالشيء المنتفع به في حدود ما اتفق عليه؛ فإن لم يكن هناك اتفاق فبحسب ما أعد له في حدود الانتفاع ا,الصف يحمل عنوان ونص المادة الرسمية 683 (إزاحة +1),حرجة,استبدال العنوان والنص بالنص الرسمي للمادة 682
683,المادة الرابعة والثمانون بعد الستمائة,684,cmpwiig8d0325nxff7dycsdgw,684,نعم,a1943,5c8351a376164815,يلتزم المنتفع -أثناء انتفاعه- بالنفقات المعتادة التي يقتضيها حفظ الشيء المنتفع به وأعمال الصيانة، أما النفقات غير المعتا,الصف يحمل عنوان ونص المادة الرسمية 684 (إزاحة +1),حرجة,استبدال العنوان والنص بالنص الرسمي للمادة 683
684,المادة الخامسة والثمانون بعد الستمائة,685,cmpwiigkj0327nxff1jx8nz2q,685,نعم,a1944,4ec9033f5f0b7f38,يلتزم المنتفع بأن يبذل من العناية في حفظ الشيء المنتفع به ما يبذله الشخص المعتاد؛ فإذا هلك أو تلف دون تعدٍّ أو تقصير منه,الصف يحمل عنوان ونص المادة الرسمية 685 (إزاحة +1),حرجة,استبدال العنوان والنص بالنص الرسمي للمادة 684
685,المادة السادسة والثمانون بعد الستمائة,686,cmpwiigwp0329nxffcwpotqye,686,نعم,a1945,14a7c993b96fa84b,يلزم المنتفع التعويض إذا هلك الشيء المنتفع به أو تلف بعد انقضاء مدة الانتفاع ولم يرده لمالكه مع إمكان الرد؛ ولو لم يستعم,الصف يحمل عنوان ونص المادة الرسمية 686 (إزاحة +1),حرجة,استبدال العنوان والنص بالنص الرسمي للمادة 685
686,المادة السابعة والثمانون بعد الستمائة,687,cmpwiih8w032bnxffr4zuwf5x,687,نعم,a1946,ccb526dbda3636b8,يلتزم المنتفع بأن يُعلم المالك في الحالات الآتية: ‌أ- إذا استولى على الشيء المنتفع به شخصٌ أو ادعى الغير حقًّا عليه. ‌ب-,الصف يحمل عنوان ونص المادة الرسمية 687 (إزاحة +1),حرجة,استبدال العنوان والنص بالنص الرسمي للمادة 686
687,المادة الثامنة والثمانون بعد الستمائة,688,cmpwiihl2032dnxffibjwqsui,688,نعم,a1947,ec9deb6434de5784,إذا كان مع الشيء المنتفع به منقولات استهلاكيّة واستهلكها المنتفع التزم برد بدلها بعد انتهاء حقه في الانتفاع. إذا مات الم,الصف يحمل عنوان ونص المادة الرسمية 688 (إزاحة +1),حرجة,استبدال العنوان والنص بالنص الرسمي للمادة 687
688,المادة التاسعة والثمانون بعد الستمائة,689,cmpwiihx8032fnxff9l32bnml,689,نعم,a1948,edbd17c47f9a6721,ينتهي حق الانتفاع باتحاد صفتي المالك والمنتفع؛ ما لم تكن للمالك مصلحة في بقائه كما لو كان الشيء مرهونًا.,الصف يحمل عنوان ونص المادة الرسمية 689 (إزاحة +1),حرجة,استبدال العنوان والنص بالنص الرسمي للمادة 688
689,المادة التسعون بعد الستمائة,690,cmpwiiifg032hnxffpwb29g4w,690,نعم,a1949,ca3ba7b815bd9163,ينتهي حق الانتفاع إذا انقضى الأجل المعين له، فإن لم يعيّن له أجل انتهى الحق بموت المنتفع. إذا انتهى حق الانتفاع بانقضاء ,الصف يحمل عنوان ونص المادة الرسمية 690 (إزاحة +1),حرجة,استبدال العنوان والنص بالنص الرسمي للمادة 689
690,المادة الحادية والتسعون بعد الستمائة,691,cmpwiiiro032jnxffub6r30l0,691,نعم,a1950,1a9891464d7326cd,ينتهي حق الانتفاع بهلاك الشيء المنتفع به، إلا أنه إذا دُفِع عنه تعويض انتقل حق الانتفاع إلى العوض وعلى المنتفع أن يرد عي,الصف يحمل عنوان ونص المادة الرسمية 691 (إزاحة +1),حرجة,استبدال العنوان والنص بالنص الرسمي للمادة 690
691,المادة الثانية والتسعون بعد الستمائة,692,cmpwiij3u032lnxff57rhp93p,692,نعم,a1951,47b109229c998a0c,ينتهي حق الانتفاع بنزول المنتفع عنه، ولا يؤثر ذلك في التزاماته لمالك الشيء المنتفع به ولا في حقوق الغير.,الصف يحمل عنوان ونص المادة الرسمية 692 (إزاحة +1),حرجة,استبدال العنوان والنص بالنص الرسمي للمادة 691
692,المادة الثالثة والتسعون بعد الستمائة,693,cmpwiijg0032nnxffnnqnimc5,693,نعم,a1952,da2650dbf6d1662b,لا تسمع دعوى المطالبة بحق الانتفاع إذا انقضت على عدم استعماله مدة (عشر) سنوات. الفرع الثاني: حق الاستعمال وحق السكنى,الصف يحمل عنوان ونص المادة الرسمية 693 (إزاحة +1),حرجة,استبدال العنوان والنص بالنص الرسمي للمادة 692
693,المادة الرابعة والتسعون بعد الستمائة,694,cmpwiijs6032pnxff5faemvon,694,نعم,a1953,ed4dd9da1953f9c8,يصح أن يقتصر حق الانتفاع على حق الاستعمال أو حق السكنى.,الصف يحمل عنوان ونص المادة الرسمية 694 (إزاحة +1),حرجة,استبدال العنوان والنص بالنص الرسمي للمادة 693
694,المادة الخامسة والتسعون بعد الستمائة,695,cmpwiik4c032rnxff6xdzw2gt,695,نعم,a1954,e22966a085458b7f,يتحدد حق الاستعمال وحق السكنى بحاجة صاحب الحق وأسرته، ويراعى في هذا الشأن ما يقرره السند المنشئ للحق والعرف.,الصف يحمل عنوان ونص المادة الرسمية 695 (إزاحة +1),حرجة,استبدال العنوان والنص بالنص الرسمي للمادة 694
695,المادة السادسة والتسعون بعد الستمائة,696,cmpwiikgi032tnxffonkprofp,696,نعم,a1955,6ac680d8dc712158,لا يصح التنازل للغير عن حق الاستعمال أو حق السكنى إلا بناءً على شرط صريح في سند إنشاء الحق أو للضرورة.,الصف يحمل عنوان ونص المادة الرسمية 696 (إزاحة +1),حرجة,استبدال العنوان والنص بالنص الرسمي للمادة 695
696,المادة السابعة والتسعون بعد الستمائة,697,cmpwiikso032vnxffet0qf7m3,697,نعم,a1956,852585e9d4bb6146,تسري أحكام حق الانتفاع على حق الاستعمال وحق السكنى فيما لا يتعارض مع أحكام هذين الحقين وطبيعتهما. الفرع الثالث: حق الوقف,الصف يحمل عنوان ونص المادة الرسمية 697 (إزاحة +1),حرجة,استبدال العنوان والنص بالنص الرسمي للمادة 696
697,المادة الثامنة والتسعون بعد الستمائة,698,cmpwiil4v032xnxffn7krk4ko,698,نعم,a1957,195da4036df539da,تسري على حق الوقف النصوص النظامية الخاصة به. الفرع الرابع: حق الارتفاق أولًا: إنشاء حق الارتفاق,الصف يحمل عنوان ونص المادة الرسمية 698 (إزاحة +1),حرجة,استبدال العنوان والنص بالنص الرسمي للمادة 697
698,المادة التاسعة والتسعون بعد الستمائة,699,cmpwiilh0032znxffz0yfemkx,699,نعم,a1958,ae636d744178498f,حق الارتفاق حقٌّ عينيٌّ مقررٌ لمنفعة عقار لشخص على عقار مملوك لشخص آخر.,الصف يحمل عنوان ونص المادة الرسمية 699 (إزاحة +1),حرجة,استبدال العنوان والنص بالنص الرسمي للمادة 698
699,المادة السبعمائة,700,cmpwiilt60331nxffszo2xyl8,700,نعم,a1959,5abc0f897dfaedbc,يُكسب حق الارتفاق بالتصرف النظامي أو بالإرث.,الصف يحمل عنوان ونص المادة الرسمية 700 (إزاحة +1),حرجة,استبدال العنوان والنص بالنص الرسمي للمادة 699
700,المادة الأولى بعد السبعمائة,701,cmpwiim5e0333nxffz2pszpe9,701,نعم,a1960,29967d9d99eeb67c,إذا أنشأ مالك عقارين منفصلين ارتفاقًا ظاهرًا بينهما بقي الحق إذا انتقل العقاران أو أحدهما إلى أيدي ملاك آخرين دون تغيير ,الصف يحمل عنوان ونص المادة الرسمية 701 (إزاحة +1),حرجة,استبدال العنوان والنص بالنص الرسمي للمادة 700
701,المادة الثانية بعد السبعمائة,702,cmpwiimhl0335nxffy08abnbl,702,نعم,a1961,e1df7d5725dcdeea,إذا ثبت لأحد حق المرور في أرض مملوكة لآخر فليس لصاحبها منعه. لا يثبت حق المرور بالإذن به على وجه التسامح.,الصف يحمل عنوان ونص المادة الرسمية 702 (إزاحة +1),حرجة,استبدال العنوان والنص بالنص الرسمي للمادة 701
702,المادة الثالثة بعد السبعمائة,703,cmpwiimtr0337nxffh40hev0f,703,نعم,a1962,71429cedca054ef6,لصاحب العقار الذي لا يتصل بالطريق العام أو كان وصوله إليه يتم بنفقة باهظة أو مشقة كبيرة حق المرور في العقار المجاور بالق,الصف يحمل عنوان ونص المادة الرسمية 703 (إزاحة +1),حرجة,استبدال العنوان والنص بالنص الرسمي للمادة 702
703,المادة الرابعة بعد السبعمائة,704,cmpwiin5x0339nxffd23uy1ru,704,نعم,a1963,f2d24796e8168a98,لصاحب الأرض العالية أن يسقي أرضه من المسيل الطبيعي قدر حاجته التي يقتضيها العرف ثم يرسل المياه إلى الأرض المنخفضة.,الصف يحمل عنوان ونص المادة الرسمية 704 (إزاحة +1),حرجة,استبدال العنوان والنص بالنص الرسمي للمادة 703
704,المادة الخامسة بعد السبعمائة,705,cmpwiini9033bnxfff384lvna,705,نعم,a1964,18845c09fd6d950e,من أنشأ جدولًا أو مجرى ماء مأذونًا فيه لريِّ أرضه فليس لغيره حق الانتفاع به إلا بإذنه أو وفقًا للنصوص النظامية.,الصف يحمل عنوان ونص المادة الرسمية 705 (إزاحة +1),حرجة,استبدال العنوان والنص بالنص الرسمي للمادة 704
705,المادة السادسة بعد السبعمائة,706,cmpwiinuf033dnxffzzy2kw2w,706,نعم,a1965,b62ab37af1b42614,ليس لأحد الشركاء في مورد الماء أو الجدول المشترك أن يشق منه جدولًا آخر إلا بإذن باقي الشركاء.,الصف يحمل عنوان ونص المادة الرسمية 706 (إزاحة +1),حرجة,استبدال العنوان والنص بالنص الرسمي للمادة 705
706,المادة السابعة بعد السبعمائة,707,cmpwiio6l033fnxffo3rersqq,707,نعم,a1966,e793b3864589a31b,حق المجرى حقٌّ لمالك الأرض في جريان مياه الريّ -طبيعيًّا كان أو اصطناعيًّا- في أرض غيره لتصل من موردها البعيد إلى أرضه. ,الصف يحمل عنوان ونص المادة الرسمية 707 (إزاحة +1),حرجة,استبدال العنوان والنص بالنص الرسمي للمادة 706
707,المادة الثامنة بعد السبعمائة,708,cmpwiiois033hnxff78izugfk,708,نعم,a1967,a27c4edb311a068a,لمالك الأرض إذا أصاب أرضه ضررٌ من المجرى أن يطلب من صاحب حق المجرى تعميره وإصلاحه لرفع ذلك الضرر، فإذا امتنع جاز لمالك ا,الصف يحمل عنوان ونص المادة الرسمية 708 (إزاحة +1),حرجة,استبدال العنوان والنص بالنص الرسمي للمادة 707
708,المادة التاسعة بعد السبعمائة,709,cmpwiiouy033jnxffltradmn3,709,نعم,a1968,41f280bd127da55f,ليس لمالك الأرض المنخفضة أن يقيم سدًّا لمنع المياه السائلة سيلًا طبيعيًّا من الأرض العالية. ليس لمالك الأرض العالية أن ي,الصف يحمل عنوان ونص المادة الرسمية 709 (إزاحة +1),حرجة,استبدال العنوان والنص بالنص الرسمي للمادة 708
709,المادة العاشرة بعد السبعمائة,710,cmpwiip74033lnxffpsbath0t,710,نعم,a1969,fec68403b1bc3bcc,لا يجوز إجراء مسيل ضار في ملك الغير أو في طريق عام أو خاص، ويزال الضرر ولو كان قديمًا. ثالثًا: آثار حق الارتفاق,الصف يحمل عنوان ونص المادة الرسمية 710 (إزاحة +1),حرجة,استبدال العنوان والنص بالنص الرسمي للمادة 709
710,المادة الحادية عشرة بعد السبعمائة,711,cmpwiipj9033nnxffu5xtsrju,711,نعم,a1970,5dde8ad07229d8d7,يخضع حق الارتفاق للقواعد المقررة في سند إنشائه، ولما جرى عليه عرف المكان الذي يقع فيه العقار، ولأحكام المواد من (الثانية,الصف يحمل عنوان ونص المادة الرسمية 711 (إزاحة +1),حرجة,استبدال العنوان والنص بالنص الرسمي للمادة 710
711,المادة الثانية عشرة بعد السبعمائة,712,cmpwiipvh033pnxff0xkvy19i,712,نعم,a1971,c8d2ea902f6da163,تكون نفقات الأعمال اللازمة لاستعمال حق الارتفاق والمحافظة عليه على مالك العقار المـُرتَفِقِ؛ ما لم يُتَّفق على خلاف ذلك.,الصف يحمل عنوان ونص المادة الرسمية 712 (إزاحة +1),حرجة,استبدال العنوان والنص بالنص الرسمي للمادة 711
712,المادة الثالثة عشرة بعد السبعمائة,713,cmpwiiq7m033rnxffb06t7ps9,713,نعم,a1972,627c1c4e38467ad6,لا يجوز لمالك العقار المـُرتَفَقِ به أن يقوم بعمل من شأنه التأثير في استعمال حق الارتفاق أو تغيير وضعه، إلا إذا أصبح الا,الصف يحمل عنوان ونص المادة الرسمية 713 (إزاحة +1),حرجة,استبدال العنوان والنص بالنص الرسمي للمادة 712
713,المادة الرابعة عشرة بعد السبعمائة,714,cmpwiiqjv033tnxff2ox0fh5h,714,نعم,a1973,719f8370698f1222,إذا جزئ العقار المـُرتَفِقُ بقي حق الارتفاق مستحقًّا لكل جزء منه على ألا يزيد ذلك في أعباء العقار المـُرتَفَقِ به. إذا ك,الصف يحمل عنوان ونص المادة الرسمية 714 (إزاحة +1),حرجة,استبدال العنوان والنص بالنص الرسمي للمادة 713
714,المادة الخامسة عشرة بعد السبعمائة,715,cmpwiiqw1033vnxffw2nv0ah5,715,نعم,a1974,5cf16e22c9292426,إذا جزئ العقار المـُرتَفَقُ به بقي حق الارتفاق على كل جزء منه، وإذا كان غير مستعمل في الواقع على بعض أجزاء العقار المـُر,الصف يحمل عنوان ونص المادة الرسمية 715 (إزاحة +1),حرجة,استبدال العنوان والنص بالنص الرسمي للمادة 714
715,المادة السادسة عشرة بعد السبعمائة,716,cmpwiir87033xnxffxb7k48lh,716,نعم,a1975,f620315b83fbee82,ينتهي حق الارتفاق في الحالات الآتية: أ- انقضاء الأجل المعين له أو زوال محله. ب- اجتماع العقارين المـُرتَفِقِ والمـُرتَفَ,الصف يحمل عنوان ونص المادة الرسمية 716 (إزاحة +1),حرجة,استبدال العنوان والنص بالنص الرسمي للمادة 715
716,المادة السابعة عشرة بعد السبعمائة,717,cmpwiirkd033znxff6l3y0hfh,717,نعم,a1976,e3791cdb17336126,لا تسمع دعوى المطالبة بحق الارتفاق إذا انقضت على عدم استعماله مدة (عشر) سنوات.,الصف يحمل عنوان ونص المادة الرسمية 717 (إزاحة +1),حرجة,استبدال العنوان والنص بالنص الرسمي للمادة 716
717,المادة الثامنة عشرة بعد السبعمائة,718,cmpwiirwj0341nxff9t0owjnw,718,نعم,a1977,3a6aa0d8873a9249,يَقطع انتفاعُ أحد الشركاء على الشيوع بحق الارتفاق مرورَ الزمن المانع من سماع الدعوى لمصلحة باقي الشركاء، كما أن وقف سريا,الصف يحمل عنوان ونص المادة الرسمية 718 (إزاحة +1),حرجة,استبدال العنوان والنص بالنص الرسمي للمادة 717
718,المادة التاسعة عشرة بعد السبعمائة,719,cmpwiis8p0343nxff5fk8ne5p,719,نعم,a1978,a7b48674a1f3375e,تسري على الحقوق العينية التبعية النصوص النظامية الخاصة بها. أحكام ختامية الفصل الأول: قواعد كلية,الصف يحمل عنوان ونص المادة الرسمية 719 (إزاحة +1),حرجة,استبدال العنوان والنص بالنص الرسمي للمادة 718
719,المادة العشرون بعد السبعمائة,720,cmpwiiskv0345nxffh6ojcpur,720,نعم,a1979,bc9cb314e6d510d0,دون إخلال بما تقضي به المادة (الأولى) من هذا النظام، تطبق القواعد الواردة في هذه المادة بالقدر الذي لا تتعارض فيه مع الن,الصف يحمل عنوان ونص المادة الرسمية 720 (إزاحة +1),حرجة,استبدال العنوان والنص بالنص الرسمي للمادة 719
720,المادة الحادية والعشرون بعد السبعمائة,721,cmpwiisx20347nxffkyviux3x,721,نعم,a1980,04a3aef87bea76de,يُعمل بهذا النظام بعد مضي (مائة وثمانين) يومًا من تاريخ نشره في الجريدة الرسمية، ويُلغي كل ما يتعارض معه من أحكام.,الصف يحمل عنوان ونص المادة الرسمية 721 (إزاحة +1),حرجة,استبدال العنوان والنص بالنص الرسمي للمادة 720
721,المادة الحادية والعشرون بعد السبعمائة,721,cmpzcv2tg093uvtrkk8bcr0qx,,لا,a11178,04a3aef87bea76de,يُعمل بهذا النظام بعد مضي (مائة وثمانين) يومًا من تاريخ نشره في الجريدة الرسمية، ويُلغي كل ما يتعارض معه من أحكام.,نص مطابق حرفيًا للصف 720 — صفّ مُلحق لاحقًا لموازنة العدد,حرجة,استبدال بالنص الرسمي للمادة 721 بعد إزاحة الصفوف
